연월일,단위가격(톤당달러)_합계,금액(백만달러)_합계,중량(톤)_합계,단위가격(톤당달러)_오세아니아,금액(백만달러)_오세아니아,중량(톤)_오세아니아,단위가격(톤당달러)_북아메리카,금액(백만달러)_북아메리카,중량(톤)_북아메리카,단위가격(톤당달러)_중남미,금액(백만달러)_중남미,중량(톤)_중남미,단위가격(톤당달러)_중동,금액(백만달러)_중동,중량(톤)_중동,단위가격(톤당달러)_아시아,금액(백만달러)_아시아,중량(톤)_아시아,단위가격(톤당달러)_아프리카,금액(백만달러)_아프리카,중량(톤)_아프리카,단위가격(톤당달러)_유럽,금액(백만달러)_유럽,중량(톤)_유럽,단위가격(톤당달러)_러시아,금액(백만달러)_러시아,중량(톤)_러시아,단위가격(톤당달러)_기타,금액(백만달러)_기타,중량(톤)기타
1988-01-01,180.239,21.000,116512.000,0.000,0.000,0.000,0.000,0.000,0.000,0.000,0.000,0.000,0.000,0.000,0.000,180.239,21.000,116512.000,0.000,0.000,0.000,0.000,0.000,0.000,0.000,0.000,0.000,0.000,0.000,0.000
1988-02-01,180.595,21.000,116282.000,0.000,0.000,0.000,0.000,0.000,0.000,0.000,0.000,0.000,0.000,0.000,0.000,180.595,21.000,116282.000,0.000,0.000,0.000,0.000,0.000,0.000,0.000,0.000,0.000,0.000,0.000,0.000
1988-03-01,169.245,10.000,59086.000,0.000,0.000,0.000,0.000,0.000,0.000,0.000,0.000,0.000,0.000,0.000,0.000,169.245,10.000,59086.000,0.000,0.000,0.000,0.000,0.000,0.000,0.000,0.000,0.000,0.000,0.000,0.000
1988-04-01,190.888,33.000,172876.000,0.000,0.000,0.000,0.000,0.000,0.000,0.000,0.000,0.000,0.000,0.000,0.000,190.888,33.000,172876.000,0.000,0.000,0.000,0.000,0.000,0.000,0.000,0.000,0.000,0.000,0.000,0.000
1988-05-01,194.606,45.000,231236.000,0.000,0.000,0.000,0.000,0.000,0.000,0.000,0.000,0.000,0.000,0.000,0.000,194.606,45.000,231236.000,0.000,0.000,0.000,0.000,0.000,0.000,0.000,0.000,0.000,0.000,0.000,0.000
1988-06-01,188.417,33.000,175143.000,0.000,0.000,0.000,0.000,0.000,0.000,0.000,0.000,0.000,0.000,0.000,0.000,188.417,33.000,175143.000,0.000,0.000,0.000,0.000,0.000,0.000,0.000,0.000,0.000,0.000,0.000,0.000
1988-07-01,183.732,21.000,114297.000,0.000,0.000,0.000,0.000,0.000,0.000,0.000,0.000,0.000,0.000,0.000,0.000,183.732,21.000,114297.000,0.000,0.000,0.000,0.000,0.000,0.000,0.000,0.000,0.000,0.000,0.000,0.000
1988-08-01,166.365,38.000,228414.000,0.000,0.000,0.000,0.000,0.000,0.000,0.000,0.000,0.000,0.000,0.000,0.000,166.365,38.000,228414.000,0.000,0.000,0.000,0.000,0.000,0.000,0.000,0.000,0.000,0.000,0.000,0.000
1988-09-01,153.313,35.000,228291.000,0.000,0.000,0.000,0.000,0.000,0.000,0.000,0.000,0.000,0.000,0.000,0.000,153.313,35.000,228291.000,0.000,0.000,0.000,0.000,0.000,0.000,0.000,0.000,0.000,0.000,0.000,0.000
1988-10-01,157.008,18.000,114644.000,0.000,0.000,0.000,0.000,0.000,0.000,0.000,0.000,0.000,0.000,0.000,0.000,157.008,18.000,114644.000,0.000,0.000,0.000,0.000,0.000,0.000,0.000,0.000,0.000,0.000,0.000,0.000
1988-11-01,140.537,32.000,227698.000,0.000,0.000,0.000,0.000,0.000,0.000,0.000,0.000,0.000,0.000,0.000,0.000,140.537,32.000,227698.000,0.000,0.000,0.000,0.000,0.000,0.000,0.000,0.000,0.000,0.000,0.000,0.000
1988-12-01,132.196,15.000,113468.000,0.000,0.000,0.000,0.000,0.000,0.000,0.000,0.000,0.000,0.000,0.000,0.000,132.196,15.000,113468.000,0.000,0.000,0.000,0.000,0.000,0.000,0.000,0.000,0.000,0.000,0.000,0.000
1989-01-01,143.322,32.000,223274.000,0.000,0.000,0.000,0.000,0.000,0.000,0.000,0.000,0.000,0.000,0.000,0.000,143.322,32.000,223274.000,0.000,0.000,0.000,0.000,0.000,0.000,0.000,0.000,0.000,0.000,0.000,0.000
1989-02-01,160.018,18.000,112487.000,0.000,0.000,0.000,0.000,0.000,0.000,0.000,0.000,0.000,0.000,0.000,0.000,160.018,18.000,112487.000,0.000,0.000,0.000,0.000,0.000,0.000,0.000,0.000,0.000,0.000,0.000,0.000
1989-03-01,177.615,20.000,112603.000,0.000,0.000,0.000,0.000,0.000,0.000,0.000,0.000,0.000,0.000,0.000,0.000,177.615,20.000,112603.000,0.000,0.000,0.000,0.000,0.000,0.000,0.000,0.000,0.000,0.000,0.000,0.000
1989-04-01,176.202,30.000,170259.000,0.000,0.000,0.000,0.000,0.000,0.000,0.000,0.000,0.000,0.000,0.000,0.000,176.202,30.000,170259.000,0.000,0.000,0.000,0.000,0.000,0.000,0.000,0.000,0.000,0.000,0.000,0.000
1989-05-01,179.543,30.000,167091.000,0.000,0.000,0.000,0.000,0.000,0.000,0.000,0.000,0.000,0.000,0.000,0.000,179.543,30.000,167091.000,0.000,0.000,0.000,0.000,0.000,0.000,0.000,0.000,0.000,0.000,0.000,0.000
1989-06-01,183.994,31.000,168484.000,0.000,0.000,0.000,0.000,0.000,0.000,0.000,0.000,0.000,0.000,0.000,0.000,183.994,31.000,168484.000,0.000,0.000,0.000,0.000,0.000,0.000,0.000,0.000,0.000,0.000,0.000,0.000
1989-07-01,183.495,41.000,223439.000,0.000,0.000,0.000,0.000,0.000,0.000,0.000,0.000,0.000,0.000,0.000,0.000,183.495,41.000,223439.000,0.000,0.000,0.000,0.000,0.000,0.000,0.000,0.000,0.000,0.000,0.000,0.000
1989-08-01,179.610,30.000,167029.000,0.000,0.000,0.000,0.000,0.000,0.000,0.000,0.000,0.000,0.000,0.000,0.000,179.610,30.000,167029.000,0.000,0.000,0.000,0.000,0.000,0.000,0.000,0.000,0.000,0.000,0.000,0.000
1989-09-01,172.098,29.000,168509.000,0.000,0.000,0.000,0.000,0.000,0.000,0.000,0.000,0.000,0.000,0.000,0.000,172.098,29.000,168509.000,0.000,0.000,0.000,0.000,0.000,0.000,0.000,0.000,0.000,0.000,0.000,0.000
1989-10-01,173.856,29.000,166805.000,0.000,0.000,0.000,0.000,0.000,0.000,0.000,0.000,0.000,0.000,0.000,0.000,173.856,29.000,166805.000,0.000,0.000,0.000,0.000,0.000,0.000,0.000,0.000,0.000,0.000,0.000,0.000
1989-11-01,172.452,29.000,168163.000,0.000,0.000,0.000,0.000,0.000,0.000,0.000,0.000,0.000,0.000,0.000,0.000,172.452,29.000,168163.000,0.000,0.000,0.000,0.000,0.000,0.000,0.000,0.000,0.000,0.000,0.000,0.000
1989-12-01,180.329,30.000,166363.000,0.000,0.000,0.000,0.000,0.000,0.000,0.000,0.000,0.000,0.000,0.000,0.000,180.329,30.000,166363.000,0.000,0.000,0.000,0.000,0.000,0.000,0.000,0.000,0.000,0.000,0.000,0.000
1990-01-01,178.875,40.000,223620.000,0.000,0.000,0.000,0.000,0.000,0.000,0.000,0.000,0.000,0.000,0.000,0.000,178.875,40.000,223620.000,0.000,0.000,0.000,0.000,0.000,0.000,0.000,0.000,0.000,0.000,0.000,0.000
1990-02-01,190.356,32.000,168106.000,0.000,0.000,0.000,0.000,0.000,0.000,0.000,0.000,0.000,0.000,0.000,0.000,190.356,32.000,168106.000,0.000,0.000,0.000,0.000,0.000,0.000,0.000,0.000,0.000,0.000,0.000,0.000
1990-03-01,190.884,32.000,167641.000,0.000,0.000,0.000,0.000,0.000,0.000,0.000,0.000,0.000,0.000,0.000,0.000,190.884,32.000,167641.000,0.000,0.000,0.000,0.000,0.000,0.000,0.000,0.000,0.000,0.000,0.000,0.000
1990-04-01,191.881,32.000,166770.000,0.000,0.000,0.000,0.000,0.000,0.000,0.000,0.000,0.000,0.000,0.000,0.000,191.881,32.000,166770.000,0.000,0.000,0.000,0.000,0.000,0.000,0.000,0.000,0.000,0.000,0.000,0.000
1990-05-01,178.222,30.000,168329.000,0.000,0.000,0.000,0.000,0.000,21.000,0.000,0.000,0.000,0.000,0.000,0.000,178.245,30.000,168308.000,0.000,0.000,0.000,0.000,0.000,0.000,0.000,0.000,0.000,0.000,0.000,0.000
1990-06-01,168.480,28.000,166192.000,0.000,0.000,0.000,0.000,0.000,0.000,0.000,0.000,0.000,0.000,0.000,0.000,168.480,28.000,166192.000,0.000,0.000,0.000,0.000,0.000,0.000,0.000,0.000,0.000,0.000,0.000,0.000
1990-07-01,160.753,27.000,167960.000,0.000,0.000,0.000,0.000,0.000,0.000,0.000,0.000,0.000,0.000,0.000,0.000,160.753,27.000,167960.000,0.000,0.000,0.000,0.000,0.000,0.000,0.000,0.000,0.000,0.000,0.000,0.000
1990-08-01,155.626,26.000,167067.000,0.000,0.000,0.000,0.000,0.000,0.000,0.000,0.000,0.000,0.000,0.000,0.000,155.626,26.000,167067.000,0.000,0.000,0.000,0.000,0.000,0.000,0.000,0.000,0.000,0.000,0.000,0.000
1990-09-01,170.021,38.000,223502.000,0.000,0.000,0.000,0.000,0.000,0.000,0.000,0.000,0.000,0.000,0.000,0.000,170.021,38.000,223502.000,0.000,0.000,0.000,0.000,0.000,0.000,0.000,0.000,0.000,0.000,0.000,0.000
1990-10-01,228.551,39.000,170640.000,0.000,0.000,0.000,0.000,0.000,0.000,0.000,0.000,0.000,0.000,0.000,0.000,228.551,39.000,170640.000,0.000,0.000,0.000,0.000,0.000,0.000,0.000,0.000,0.000,0.000,0.000,0.000
1990-11-01,299.386,67.000,223791.000,0.000,0.000,0.000,0.000,0.000,0.000,0.000,0.000,0.000,0.000,0.000,0.000,299.386,67.000,223791.000,0.000,0.000,0.000,0.000,0.000,0.000,0.000,0.000,0.000,0.000,0.000,0.000
1990-12-01,303.931,68.000,223735.000,0.000,0.000,0.000,0.000,0.000,0.000,0.000,0.000,0.000,0.000,0.000,0.000,303.931,68.000,223735.000,0.000,0.000,0.000,0.000,0.000,0.000,0.000,0.000,0.000,0.000,0.000,0.000
1991-01-01,241.688,41.000,169640.000,0.000,0.000,0.000,0.000,0.000,0.000,0.000,0.000,0.000,0.000,0.000,0.000,241.688,41.000,169640.000,0.000,0.000,0.000,0.000,0.000,0.000,0.000,0.000,0.000,0.000,0.000,0.000
1991-02-01,235.654,80.000,339481.000,0.000,0.000,0.000,0.000,0.000,0.000,0.000,0.000,0.000,0.000,0.000,0.000,235.654,80.000,339481.000,0.000,0.000,0.000,0.000,0.000,0.000,0.000,0.000,0.000,0.000,0.000,0.000
1991-03-01,198.936,57.000,286525.000,0.000,0.000,0.000,0.000,0.000,0.000,0.000,0.000,0.000,0.000,0.000,0.000,198.936,57.000,286525.000,0.000,0.000,0.000,0.000,0.000,0.000,0.000,0.000,0.000,0.000,0.000,0.000
1991-04-01,172.387,39.000,226235.000,0.000,0.000,0.000,0.000,0.000,0.000,0.000,0.000,0.000,0.000,0.000,0.000,172.387,39.000,226235.000,0.000,0.000,0.000,0.000,0.000,0.000,0.000,0.000,0.000,0.000,0.000,0.000
1991-05-01,176.876,40.000,226147.000,0.000,0.000,0.000,0.000,0.000,0.000,0.000,0.000,0.000,0.000,0.000,0.000,176.876,40.000,226147.000,0.000,0.000,0.000,0.000,0.000,0.000,0.000,0.000,0.000,0.000,0.000,0.000
1991-06-01,167.819,19.000,113217.000,0.000,0.000,0.000,0.000,0.000,0.000,0.000,0.000,0.000,0.000,0.000,0.000,167.819,19.000,113217.000,0.000,0.000,0.000,0.000,0.000,0.000,0.000,0.000,0.000,0.000,0.000,0.000
1991-07-01,180.820,31.000,171441.000,0.000,0.000,0.000,0.000,0.000,0.000,0.000,0.000,0.000,0.000,0.000,0.000,180.820,31.000,171441.000,0.000,0.000,0.000,0.000,0.000,0.000,0.000,0.000,0.000,0.000,0.000,0.000
1991-08-01,182.862,31.000,169527.000,0.000,0.000,0.000,0.000,0.000,0.000,0.000,0.000,0.000,0.000,0.000,0.000,182.862,31.000,169527.000,0.000,0.000,0.000,0.000,0.000,0.000,0.000,0.000,0.000,0.000,0.000,0.000
1991-09-01,179.302,51.000,284437.000,0.000,0.000,0.000,0.000,0.000,0.000,0.000,0.000,0.000,0.000,0.000,0.000,179.302,51.000,284437.000,0.000,0.000,0.000,0.000,0.000,0.000,0.000,0.000,0.000,0.000,0.000,0.000
1991-10-01,186.051,42.000,225745.000,0.000,0.000,0.000,0.000,0.000,0.000,0.000,0.000,0.000,0.000,0.000,0.000,186.051,42.000,225745.000,0.000,0.000,0.000,0.000,0.000,0.000,0.000,0.000,0.000,0.000,0.000,0.000
1991-11-01,194.879,44.000,225781.000,0.000,0.000,0.000,0.000,0.000,0.000,0.000,0.000,0.000,0.000,0.000,0.000,194.879,44.000,225781.000,0.000,0.000,0.000,0.000,0.000,0.000,0.000,0.000,0.000,0.000,0.000,0.000
1991-12-01,196.071,11.000,56102.000,0.000,0.000,0.000,0.000,0.000,0.000,0.000,0.000,0.000,0.000,0.000,0.000,196.071,11.000,56102.000,0.000,0.000,0.000,0.000,0.000,0.000,0.000,0.000,0.000,0.000,0.000,0.000
1992-01-01,188.170,74.000,393262.000,0.000,0.000,0.000,0.000,0.000,0.000,0.000,0.000,0.000,0.000,0.000,0.000,188.170,74.000,393262.000,0.000,0.000,0.000,0.000,0.000,0.000,0.000,0.000,0.000,0.000,0.000,0.000
1992-02-01,181.844,31.000,170476.000,0.000,0.000,0.000,0.000,0.000,0.000,0.000,0.000,0.000,0.000,0.000,0.000,181.844,31.000,170476.000,0.000,0.000,0.000,0.000,0.000,0.000,0.000,0.000,0.000,0.000,0.000,0.000
1992-03-01,176.312,40.000,226871.000,0.000,0.000,0.000,0.000,0.000,0.000,0.000,0.000,0.000,0.000,0.000,0.000,176.312,40.000,226871.000,0.000,0.000,0.000,0.000,0.000,0.000,0.000,0.000,0.000,0.000,0.000,0.000
1992-04-01,170.210,58.000,340755.000,0.000,0.000,0.000,0.000,0.000,0.000,0.000,0.000,0.000,0.000,0.000,0.000,170.210,58.000,340755.000,0.000,0.000,0.000,0.000,0.000,0.000,0.000,0.000,0.000,0.000,0.000,0.000
1992-05-01,178.514,10.000,56018.000,0.000,0.000,0.000,0.000,0.000,0.000,0.000,0.000,0.000,0.000,0.000,0.000,178.514,10.000,56018.000,0.000,0.000,0.000,0.000,0.000,0.000,0.000,0.000,0.000,0.000,0.000,0.000
1992-06-01,186.186,42.000,225581.000,0.000,0.000,0.000,0.000,0.000,0.000,0.000,0.000,0.000,0.000,0.000,0.000,186.186,42.000,225581.000,0.000,0.000,0.000,0.000,0.000,0.000,0.000,0.000,0.000,0.000,0.000,0.000
1992-07-01,194.618,22.000,113042.000,0.000,0.000,0.000,0.000,0.000,0.000,0.000,0.000,0.000,0.000,0.000,0.000,194.618,22.000,113042.000,0.000,0.000,0.000,0.000,0.000,0.000,0.000,0.000,0.000,0.000,0.000,0.000
1992-08-01,198.506,56.000,282107.000,0.000,0.000,0.000,0.000,0.000,0.000,0.000,0.000,0.000,0.000,0.000,0.000,198.506,56.000,282107.000,0.000,0.000,0.000,0.000,0.000,0.000,0.000,0.000,0.000,0.000,0.000,0.000
1992-09-01,200.049,45.000,224945.000,0.000,0.000,0.000,0.000,0.000,0.000,0.000,0.000,0.000,0.000,0.000,0.000,200.049,45.000,224945.000,0.000,0.000,0.000,0.000,0.000,0.000,0.000,0.000,0.000,0.000,0.000,0.000
1992-10-01,194.901,55.000,282194.000,0.000,0.000,0.000,0.000,0.000,0.000,0.000,0.000,0.000,0.000,0.000,0.000,194.901,55.000,282194.000,0.000,0.000,0.000,0.000,0.000,0.000,0.000,0.000,0.000,0.000,0.000,0.000
1992-11-01,195.148,66.000,338204.000,0.000,0.000,0.000,0.000,0.000,0.000,0.000,0.000,0.000,0.000,0.000,0.000,195.148,66.000,338204.000,0.000,0.000,0.000,0.000,0.000,0.000,0.000,0.000,0.000,0.000,0.000,0.000
1992-12-01,185.163,63.000,340240.000,0.000,0.000,0.000,0.000,0.000,0.000,0.000,0.000,0.000,0.000,0.000,0.000,185.163,63.000,340240.000,0.000,0.000,0.000,0.000,0.000,0.000,0.000,0.000,0.000,0.000,0.000,0.000
1993-01-01,181.896,82.000,450808.000,0.000,0.000,0.000,0.000,0.000,0.000,0.000,0.000,0.000,0.000,0.000,0.000,181.896,82.000,450808.000,0.000,0.000,0.000,0.000,0.000,0.000,0.000,0.000,0.000,0.000,0.000,0.000
1993-02-01,178.943,60.000,335302.000,0.000,0.000,0.000,0.000,0.000,0.000,0.000,0.000,0.000,0.000,0.000,0.000,178.943,60.000,335302.000,0.000,0.000,0.000,0.000,0.000,0.000,0.000,0.000,0.000,0.000,0.000,0.000
1993-03-01,180.942,92.000,508451.000,0.000,0.000,0.000,0.000,0.000,0.000,0.000,0.000,0.000,0.000,0.000,0.000,180.942,92.000,508451.000,0.000,0.000,0.000,0.000,0.000,0.000,0.000,0.000,0.000,0.000,0.000,0.000
1993-04-01,175.656,60.000,341576.000,0.000,0.000,0.000,0.000,0.000,0.000,0.000,0.000,0.000,0.000,0.000,0.000,175.656,60.000,341576.000,0.000,0.000,0.000,0.000,0.000,0.000,0.000,0.000,0.000,0.000,0.000,0.000
1993-05-01,185.699,53.000,285408.000,0.000,0.000,0.000,0.000,0.000,0.000,0.000,0.000,0.000,0.000,0.000,0.000,185.699,53.000,285408.000,0.000,0.000,0.000,0.000,0.000,0.000,0.000,0.000,0.000,0.000,0.000,0.000
1993-06-01,185.428,52.000,280433.000,0.000,0.000,0.000,0.000,0.000,0.000,0.000,0.000,0.000,0.000,0.000,0.000,185.428,52.000,280433.000,0.000,0.000,0.000,0.000,0.000,0.000,0.000,0.000,0.000,0.000,0.000,0.000
1993-07-01,181.318,51.000,281274.000,0.000,0.000,0.000,0.000,0.000,0.000,0.000,0.000,0.000,0.000,0.000,0.000,181.318,51.000,281274.000,0.000,0.000,0.000,0.000,0.000,0.000,0.000,0.000,0.000,0.000,0.000,0.000
1993-08-01,169.840,48.000,282619.000,0.000,0.000,0.000,0.000,0.000,0.000,0.000,0.000,0.000,0.000,0.000,0.000,169.840,48.000,282619.000,0.000,0.000,0.000,0.000,0.000,0.000,0.000,0.000,0.000,0.000,0.000,0.000
1993-09-01,173.408,49.000,282570.000,0.000,0.000,0.000,0.000,0.000,0.000,0.000,0.000,0.000,0.000,0.000,0.000,173.408,49.000,282570.000,0.000,0.000,0.000,0.000,0.000,0.000,0.000,0.000,0.000,0.000,0.000,0.000
1993-10-01,169.872,67.000,394415.000,0.000,0.000,0.000,0.000,0.000,0.000,0.000,0.000,0.000,0.000,0.000,0.000,169.872,67.000,394415.000,0.000,0.000,0.000,0.000,0.000,0.000,0.000,0.000,0.000,0.000,0.000,0.000
1993-11-01,168.314,76.000,451538.000,0.000,0.000,0.000,0.000,0.000,0.000,0.000,0.000,0.000,0.000,0.000,0.000,168.314,76.000,451538.000,0.000,0.000,0.000,0.000,0.000,0.000,0.000,0.000,0.000,0.000,0.000,0.000
1993-12-01,159.359,90.000,564763.000,175.976,10.000,56826.000,0.000,0.000,0.000,0.000,0.000,0.000,0.000,0.000,0.000,157.500,80.000,507937.000,0.000,0.000,0.000,0.000,0.000,0.000,0.000,0.000,0.000,0.000,0.000,0.000
1994-01-01,149.112,93.000,623694.000,0.000,0.000,0.000,0.000,0.000,0.000,0.000,0.000,0.000,0.000,0.000,0.000,149.112,93.000,623694.000,0.000,0.000,0.000,0.000,0.000,0.000,0.000,0.000,0.000,0.000,0.000,0.000
1994-02-01,152.644,95.000,622362.000,0.000,0.000,0.000,0.000,0.000,0.000,0.000,0.000,0.000,0.000,0.000,0.000,152.644,95.000,622362.000,0.000,0.000,0.000,0.000,0.000,0.000,0.000,0.000,0.000,0.000,0.000,0.000
1994-03-01,156.777,88.000,561306.000,0.000,0.000,0.000,0.000,0.000,0.000,0.000,0.000,0.000,0.000,0.000,0.000,156.777,88.000,561306.000,0.000,0.000,0.000,0.000,0.000,0.000,0.000,0.000,0.000,0.000,0.000,0.000
1994-04-01,146.342,58.000,396332.000,0.000,0.000,0.000,0.000,0.000,0.000,0.000,0.000,0.000,0.000,0.000,0.000,146.342,58.000,396332.000,0.000,0.000,0.000,0.000,0.000,0.000,0.000,0.000,0.000,0.000,0.000,0.000
1994-05-01,155.287,62.000,399260.000,0.000,0.000,0.000,0.000,0.000,0.000,0.000,0.000,0.000,0.000,0.000,0.000,155.287,62.000,399260.000,0.000,0.000,0.000,0.000,0.000,0.000,0.000,0.000,0.000,0.000,0.000,0.000
1994-06-01,157.675,54.000,342477.000,0.000,0.000,0.000,0.000,0.000,0.000,0.000,0.000,0.000,0.000,0.000,0.000,157.675,54.000,342477.000,0.000,0.000,0.000,0.000,0.000,0.000,0.000,0.000,0.000,0.000,0.000,0.000
1994-07-01,167.031,57.000,341253.000,0.000,0.000,0.000,0.000,0.000,0.000,0.000,0.000,0.000,0.000,0.000,0.000,167.031,57.000,341253.000,0.000,0.000,0.000,0.000,0.000,0.000,0.000,0.000,0.000,0.000,0.000,0.000
1994-08-01,172.537,68.000,394119.000,0.000,0.000,0.000,0.000,0.000,0.000,0.000,0.000,0.000,0.000,0.000,0.000,172.537,68.000,394119.000,0.000,0.000,0.000,0.000,0.000,0.000,0.000,0.000,0.000,0.000,0.000,0.000
1994-09-01,175.802,70.000,398176.000,0.000,0.000,0.000,0.000,0.000,0.000,0.000,0.000,0.000,0.000,0.000,0.000,175.802,70.000,398176.000,0.000,0.000,0.000,0.000,0.000,0.000,0.000,0.000,0.000,0.000,0.000,0.000
1994-10-01,166.663,75.000,450010.000,0.000,0.000,0.000,0.000,0.000,0.000,0.000,0.000,0.000,0.000,0.000,0.000,166.663,75.000,450010.000,0.000,0.000,0.000,0.000,0.000,0.000,0.000,0.000,0.000,0.000,0.000,0.000
1994-11-01,165.466,121.000,731270.000,0.000,0.000,0.000,0.000,0.000,0.000,0.000,0.000,0.000,0.000,0.000,0.000,165.466,121.000,731270.000,0.000,0.000,0.000,0.000,0.000,0.000,0.000,0.000,0.000,0.000,0.000,0.000
1994-12-01,163.014,120.000,736132.000,0.000,0.000,0.000,0.000,0.000,0.000,0.000,0.000,0.000,0.000,0.000,0.000,163.014,120.000,736132.000,0.000,0.000,0.000,0.000,0.000,0.000,0.000,0.000,0.000,0.000,0.000,0.000
1995-01-01,171.804,126.000,733396.000,0.000,0.000,0.000,0.000,0.000,0.000,0.000,0.000,0.000,0.000,0.000,0.000,171.804,126.000,733396.000,0.000,0.000,0.000,0.000,0.000,0.000,0.000,0.000,0.000,0.000,0.000,0.000
1995-02-01,175.983,149.000,846672.000,174.785,20.000,114426.000,0.000,0.000,0.000,0.000,0.000,0.000,0.000,0.000,0.000,176.170,129.000,732246.000,0.000,0.000,0.000,0.000,0.000,0.000,0.000,0.000,0.000,0.000,0.000,0.000
1995-03-01,180.007,122.000,677751.000,0.000,0.000,0.000,0.000,0.000,0.000,0.000,0.000,0.000,0.000,0.000,0.000,180.007,122.000,677751.000,0.000,0.000,0.000,0.000,0.000,0.000,0.000,0.000,0.000,0.000,0.000,0.000
1995-04-01,179.575,91.000,506752.000,0.000,0.000,0.000,0.000,0.000,0.000,0.000,0.000,0.000,0.000,0.000,0.000,179.575,91.000,506752.000,0.000,0.000,0.000,0.000,0.000,0.000,0.000,0.000,0.000,0.000,0.000,0.000
1995-05-01,206.487,93.000,450391.000,0.000,0.000,0.000,0.000,0.000,0.000,0.000,0.000,0.000,0.000,0.000,0.000,206.487,93.000,450391.000,0.000,0.000,0.000,0.000,0.000,0.000,0.000,0.000,0.000,0.000,0.000,0.000
1995-06-01,215.531,73.000,338699.000,0.000,0.000,0.000,0.000,0.000,0.000,0.000,0.000,0.000,0.000,0.000,0.000,215.531,73.000,338699.000,0.000,0.000,0.000,0.000,0.000,0.000,0.000,0.000,0.000,0.000,0.000,0.000
1995-07-01,253.927,72.000,283546.000,0.000,0.000,0.000,0.000,0.000,0.000,0.000,0.000,0.000,0.000,0.000,0.000,253.927,72.000,283546.000,0.000,0.000,0.000,0.000,0.000,0.000,0.000,0.000,0.000,0.000,0.000,0.000
1995-08-01,188.099,75.000,398726.000,0.000,0.000,0.000,0.000,0.000,0.000,0.000,0.000,0.000,0.000,0.000,0.000,188.099,75.000,398726.000,0.000,0.000,0.000,0.000,0.000,0.000,0.000,0.000,0.000,0.000,0.000,0.000
1995-09-01,204.171,64.000,313462.000,0.000,0.000,0.000,0.000,0.000,0.000,0.000,0.000,0.000,0.000,0.000,0.000,204.171,64.000,313462.000,0.000,0.000,0.000,0.000,0.000,0.000,0.000,0.000,0.000,0.000,0.000,0.000
1995-10-01,214.265,121.000,564721.000,0.000,0.000,0.000,0.000,0.000,0.000,0.000,0.000,0.000,0.000,0.000,0.000,214.265,121.000,564721.000,0.000,0.000,0.000,0.000,0.000,0.000,0.000,0.000,0.000,0.000,0.000,0.000
1995-11-01,171.484,141.000,822232.000,0.000,0.000,0.000,0.000,0.000,0.000,0.000,0.000,0.000,0.000,0.000,0.000,171.484,141.000,822232.000,0.000,0.000,0.000,0.000,0.000,0.000,0.000,0.000,0.000,0.000,0.000,0.000
1995-12-01,181.876,149.000,819238.000,0.000,0.000,0.000,0.000,0.000,0.000,0.000,0.000,0.000,0.000,0.000,0.000,181.876,149.000,819238.000,0.000,0.000,0.000,0.000,0.000,0.000,0.000,0.000,0.000,0.000,0.000,0.000
1996-01-01,181.491,176.000,969744.000,0.000,0.000,0.000,0.000,0.000,0.000,0.000,0.000,0.000,0.000,0.000,0.000,181.491,176.000,969744.000,0.000,0.000,0.000,0.000,0.000,0.000,0.000,0.000,0.000,0.000,0.000,0.000
1996-02-01,186.236,160.000,859127.000,0.000,0.000,0.000,0.000,0.000,0.000,0.000,0.000,0.000,0.000,0.000,0.000,186.236,160.000,859127.000,0.000,0.000,0.000,0.000,0.000,0.000,0.000,0.000,0.000,0.000,0.000,0.000
1996-03-01,187.089,181.000,967455.000,0.000,0.000,0.000,0.000,0.000,0.000,0.000,0.000,0.000,0.000,0.000,0.000,187.089,181.000,967455.000,0.000,0.000,0.000,0.000,0.000,0.000,0.000,0.000,0.000,0.000,0.000,0.000
1996-04-01,184.841,148.000,800687.000,0.000,0.000,0.000,0.000,0.000,0.000,0.000,0.000,0.000,0.000,0.000,0.000,184.841,148.000,800687.000,0.000,0.000,0.000,0.000,0.000,0.000,0.000,0.000,0.000,0.000,0.000,0.000
1996-05-01,192.333,142.000,738303.000,0.000,0.000,0.000,0.000,0.000,0.000,0.000,0.000,0.000,0.000,0.000,0.000,192.333,142.000,738303.000,0.000,0.000,0.000,0.000,0.000,0.000,0.000,0.000,0.000,0.000,0.000,0.000
1996-06-01,190.084,98.000,515562.000,0.000,0.000,0.000,0.000,0.000,0.000,0.000,0.000,0.000,0.000,0.000,0.000,190.084,98.000,515562.000,0.000,0.000,0.000,0.000,0.000,0.000,0.000,0.000,0.000,0.000,0.000,0.000
1996-07-01,300.934,75.000,249224.000,0.000,0.000,0.000,0.000,0.000,0.000,0.000,0.000,0.000,0.000,0.000,0.000,300.934,75.000,249224.000,0.000,0.000,0.000,0.000,0.000,0.000,0.000,0.000,0.000,0.000,0.000,0.000
1996-08-01,380.535,123.000,323229.000,0.000,0.000,0.000,0.000,0.000,0.000,0.000,0.000,0.000,0.000,0.000,0.000,380.535,123.000,323229.000,0.000,0.000,0.000,0.000,0.000,0.000,0.000,0.000,0.000,0.000,0.000,0.000
1996-09-01,192.338,116.000,603106.000,0.000,0.000,0.000,0.000,0.000,0.000,0.000,0.000,0.000,0.000,0.000,0.000,192.338,116.000,603106.000,0.000,0.000,0.000,0.000,0.000,0.000,0.000,0.000,0.000,0.000,0.000,0.000
1996-10-01,200.229,200.000,998856.000,0.000,0.000,0.000,0.000,0.000,0.000,0.000,0.000,0.000,0.000,0.000,0.000,200.229,200.000,998856.000,0.000,0.000,0.000,0.000,0.000,0.000,0.000,0.000,0.000,0.000,0.000,0.000
1996-11-01,211.472,193.000,912652.000,197.108,11.000,55807.000,0.000,0.000,0.000,0.000,0.000,0.000,0.000,0.000,0.000,212.407,182.000,856845.000,0.000,0.000,0.000,0.000,0.000,0.000,0.000,0.000,0.000,0.000,0.000,0.000
1996-12-01,200.758,265.000,1319997.000,0.000,0.000,0.000,0.000,0.000,0.000,0.000,0.000,0.000,0.000,0.000,0.000,200.758,265.000,1319997.000,0.000,0.000,0.000,0.000,0.000,0.000,0.000,0.000,0.000,0.000,0.000,0.000
1997-01-01,213.526,231.000,1081835.000,0.000,0.000,0.000,0.000,0.000,0.000,0.000,0.000,0.000,0.000,0.000,0.000,213.526,231.000,1081835.000,0.000,0.000,0.000,0.000,0.000,0.000,0.000,0.000,0.000,0.000,0.000,0.000
1997-02-01,219.302,262.000,1194700.000,0.000,0.000,0.000,0.000,0.000,0.000,0.000,0.000,0.000,0.000,0.000,0.000,219.302,262.000,1194700.000,0.000,0.000,0.000,0.000,0.000,0.000,0.000,0.000,0.000,0.000,0.000,0.000
1997-03-01,206.887,235.000,1135887.000,0.000,0.000,0.000,0.000,0.000,0.000,0.000,0.000,0.000,0.000,0.000,0.000,206.887,235.000,1135887.000,0.000,0.000,0.000,0.000,0.000,0.000,0.000,0.000,0.000,0.000,0.000,0.000
1997-04-01,202.109,231.000,1142945.000,0.000,0.000,0.000,0.000,0.000,0.000,0.000,0.000,0.000,0.000,0.000,0.000,202.109,231.000,1142945.000,0.000,0.000,0.000,0.000,0.000,0.000,0.000,0.000,0.000,0.000,0.000,0.000
1997-05-01,201.679,149.000,738797.000,0.000,0.000,0.000,0.000,0.000,0.000,0.000,0.000,0.000,0.000,0.000,0.000,201.679,149.000,738797.000,0.000,0.000,0.000,0.000,0.000,0.000,0.000,0.000,0.000,0.000,0.000,0.000
1997-06-01,204.231,140.000,685499.000,0.000,0.000,0.000,0.000,0.000,0.000,0.000,0.000,0.000,0.000,0.000,0.000,204.231,140.000,685499.000,0.000,0.000,0.000,0.000,0.000,0.000,0.000,0.000,0.000,0.000,0.000,0.000
1997-07-01,197.083,123.000,624104.000,0.000,0.000,0.000,0.000,0.000,0.000,0.000,0.000,0.000,0.000,0.000,0.000,197.083,123.000,624104.000,0.000,0.000,0.000,0.000,0.000,0.000,0.000,0.000,0.000,0.000,0.000,0.000
1997-08-01,187.719,128.000,681870.000,0.000,0.000,0.000,0.000,0.000,0.000,0.000,0.000,0.000,0.000,0.000,0.000,187.719,128.000,681870.000,0.000,0.000,0.000,0.000,0.000,0.000,0.000,0.000,0.000,0.000,0.000,0.000
1997-09-01,188.243,117.000,621538.000,0.000,0.000,0.000,0.000,0.000,0.000,0.000,0.000,0.000,0.000,0.000,0.000,188.243,117.000,621538.000,0.000,0.000,0.000,0.000,0.000,0.000,0.000,0.000,0.000,0.000,0.000,0.000
1997-10-01,189.109,201.000,1062881.000,0.000,0.000,0.000,0.000,0.000,0.000,0.000,0.000,0.000,0.000,0.000,0.000,189.109,201.000,1062881.000,0.000,0.000,0.000,0.000,0.000,0.000,0.000,0.000,0.000,0.000,0.000,0.000
1997-11-01,196.034,225.000,1147758.000,0.000,0.000,0.000,0.000,0.000,0.000,0.000,0.000,0.000,0.000,0.000,0.000,196.034,225.000,1147758.000,0.000,0.000,0.000,0.000,0.000,0.000,0.000,0.000,0.000,0.000,0.000,0.000
1997-12-01,188.429,255.000,1353297.000,0.000,0.000,0.000,0.000,0.000,0.000,0.000,0.000,0.000,0.000,0.000,0.000,188.429,255.000,1353297.000,0.000,0.000,0.000,0.000,0.000,0.000,0.000,0.000,0.000,0.000,0.000,0.000
1998-01-01,178.508,184.000,1030765.000,0.000,0.000,0.000,0.000,0.000,0.000,0.000,0.000,0.000,0.000,0.000,0.000,178.508,184.000,1030765.000,0.000,0.000,0.000,0.000,0.000,0.000,0.000,0.000,0.000,0.000,0.000,0.000
1998-02-01,165.914,212.000,1277768.000,0.000,0.000,0.000,0.000,0.000,0.000,0.000,0.000,0.000,0.000,0.000,0.000,165.914,212.000,1277768.000,0.000,0.000,0.000,0.000,0.000,0.000,0.000,0.000,0.000,0.000,0.000,0.000
1998-03-01,160.621,130.000,809361.000,0.000,0.000,0.000,0.000,0.000,0.000,0.000,0.000,0.000,0.000,0.000,0.000,160.621,130.000,809361.000,0.000,0.000,0.000,0.000,0.000,0.000,0.000,0.000,0.000,0.000,0.000,0.000
1998-04-01,161.285,104.000,644821.000,0.000,0.000,0.000,0.000,0.000,0.000,0.000,0.000,0.000,0.000,0.000,0.000,161.285,104.000,644821.000,0.000,0.000,0.000,0.000,0.000,0.000,0.000,0.000,0.000,0.000,0.000,0.000
1998-05-01,154.799,79.000,510340.000,0.000,0.000,0.000,0.000,0.000,0.000,0.000,0.000,0.000,0.000,0.000,0.000,154.799,79.000,510340.000,0.000,0.000,0.000,0.000,0.000,0.000,0.000,0.000,0.000,0.000,0.000,0.000
1998-06-01,150.609,102.000,677252.000,0.000,0.000,0.000,0.000,0.000,0.000,0.000,0.000,0.000,0.000,0.000,0.000,150.609,102.000,677252.000,0.000,0.000,0.000,0.000,0.000,0.000,0.000,0.000,0.000,0.000,0.000,0.000
1998-07-01,140.697,103.000,732072.000,0.000,0.000,0.000,0.000,0.000,0.000,0.000,0.000,0.000,0.000,0.000,0.000,140.697,103.000,732072.000,0.000,0.000,0.000,0.000,0.000,0.000,0.000,0.000,0.000,0.000,0.000,0.000
1998-08-01,142.346,96.000,674414.000,0.000,0.000,0.000,0.000,0.000,0.000,0.000,0.000,0.000,0.000,0.000,0.000,142.346,96.000,674414.000,0.000,0.000,0.000,0.000,0.000,0.000,0.000,0.000,0.000,0.000,0.000,0.000
1998-09-01,135.931,84.000,617961.000,0.000,0.000,0.000,0.000,0.000,0.000,0.000,0.000,0.000,0.000,0.000,0.000,135.931,84.000,617961.000,0.000,0.000,0.000,0.000,0.000,0.000,0.000,0.000,0.000,0.000,0.000,0.000
1998-10-01,142.956,137.000,958339.000,0.000,0.000,0.000,0.000,0.000,0.000,0.000,0.000,0.000,0.000,0.000,0.000,142.956,137.000,958339.000,0.000,0.000,0.000,0.000,0.000,0.000,0.000,0.000,0.000,0.000,0.000,0.000
1998-11-01,144.100,170.000,1179737.000,0.000,0.000,0.000,0.000,0.000,0.000,0.000,0.000,0.000,0.000,0.000,0.000,144.100,170.000,1179737.000,0.000,0.000,0.000,0.000,0.000,0.000,0.000,0.000,0.000,0.000,0.000,0.000
1998-12-01,138.429,149.000,1076361.000,0.000,0.000,0.000,0.000,0.000,0.000,0.000,0.000,0.000,131.607,8.000,60787.000,138.838,141.000,1015574.000,0.000,0.000,0.000,0.000,0.000,0.000,0.000,0.000,0.000,0.000,0.000,0.000
1999-01-01,132.740,233.000,1755313.000,0.000,0.000,0.000,0.000,0.000,0.000,0.000,0.000,0.000,130.578,8.000,61266.000,132.818,225.000,1694047.000,0.000,0.000,0.000,0.000,0.000,0.000,0.000,0.000,0.000,0.000,0.000,0.000
1999-02-01,135.131,167.000,1235841.000,0.000,0.000,0.000,0.000,0.000,0.000,0.000,0.000,0.000,0.000,0.000,0.000,135.131,167.000,1235841.000,0.000,0.000,0.000,0.000,0.000,0.000,0.000,0.000,0.000,0.000,0.000,0.000
1999-03-01,128.503,131.000,1019432.000,0.000,0.000,0.000,0.000,0.000,0.000,0.000,0.000,0.000,0.000,0.000,0.000,128.503,131.000,1019432.000,0.000,0.000,0.000,0.000,0.000,0.000,0.000,0.000,0.000,0.000,0.000,0.000
1999-04-01,135.166,145.000,1072757.000,0.000,0.000,0.000,0.000,0.000,0.000,0.000,0.000,0.000,0.000,0.000,0.000,135.166,145.000,1072757.000,0.000,0.000,0.000,0.000,0.000,0.000,0.000,0.000,0.000,0.000,0.000,0.000
1999-05-01,147.240,117.000,794622.000,0.000,0.000,0.000,0.000,0.000,0.000,0.000,0.000,0.000,0.000,0.000,0.000,147.240,117.000,794622.000,0.000,0.000,0.000,0.000,0.000,0.000,0.000,0.000,0.000,0.000,0.000,0.000
1999-06-01,156.113,105.000,672588.000,0.000,0.000,0.000,0.000,0.000,0.000,0.000,0.000,0.000,0.000,0.000,0.000,156.113,105.000,672588.000,0.000,0.000,0.000,0.000,0.000,0.000,0.000,0.000,0.000,0.000,0.000,0.000
1999-07-01,154.696,122.000,788644.000,0.000,0.000,0.000,0.000,0.000,0.000,0.000,0.000,0.000,0.000,0.000,0.000,154.696,122.000,788644.000,0.000,0.000,0.000,0.000,0.000,0.000,0.000,0.000,0.000,0.000,0.000,0.000
1999-08-01,174.118,128.000,735133.000,0.000,0.000,0.000,0.000,0.000,0.000,0.000,0.000,0.000,0.000,0.000,0.000,174.118,128.000,735133.000,0.000,0.000,0.000,0.000,0.000,0.000,0.000,0.000,0.000,0.000,0.000,0.000
1999-09-01,181.832,186.000,1022921.000,0.000,0.000,0.000,0.000,0.000,0.000,0.000,0.000,0.000,158.652,19.000,119759.000,184.906,167.000,903162.000,0.000,0.000,0.000,0.000,0.000,0.000,0.000,0.000,0.000,0.000,0.000,0.000
1999-10-01,192.656,175.000,908354.000,0.000,0.000,0.000,0.000,0.000,0.000,0.000,0.000,0.000,167.409,20.000,119468.000,196.480,155.000,788886.000,0.000,0.000,0.000,0.000,0.000,0.000,0.000,0.000,0.000,0.000,0.000,0.000
1999-11-01,197.554,237.000,1199670.000,0.000,0.000,0.000,0.000,0.000,0.000,0.000,0.000,0.000,174.773,21.000,120156.000,200.090,216.000,1079514.000,0.000,0.000,0.000,0.000,0.000,0.000,0.000,0.000,0.000,0.000,0.000,0.000
1999-12-01,208.513,225.000,1079069.000,0.000,0.000,0.000,0.000,0.000,0.000,0.000,0.000,0.000,191.236,23.000,120270.000,210.680,202.000,958799.000,0.000,0.000,0.000,0.000,0.000,0.000,0.000,0.000,0.000,0.000,0.000,0.000
2000-01-01,215.607,455.000,2110317.000,184.148,10.000,54304.000,0.000,0.000,0.000,0.000,0.000,0.000,195.790,58.000,296236.000,219.914,387.000,1759777.000,0.000,0.000,0.000,0.000,0.000,0.000,0.000,0.000,0.000,0.000,0.000,0.000
2000-02-01,228.055,344.000,1508409.000,0.000,0.000,0.000,0.000,0.000,0.000,0.000,0.000,0.000,213.206,90.000,422126.000,233.825,254.000,1086283.000,0.000,0.000,0.000,0.000,0.000,0.000,0.000,0.000,0.000,0.000,0.000,0.000
2000-03-01,241.720,385.000,1592750.000,0.000,0.000,0.000,0.000,0.000,0.000,0.000,0.000,0.000,228.344,55.000,240865.000,244.104,330.000,1351885.000,0.000,0.000,0.000,0.000,0.000,0.000,0.000,0.000,0.000,0.000,0.000,0.000
2000-04-01,246.975,313.000,1267334.000,0.000,0.000,0.000,0.000,0.000,0.000,0.000,0.000,0.000,246.175,75.000,304661.000,247.228,238.000,962673.000,0.000,0.000,0.000,0.000,0.000,0.000,0.000,0.000,0.000,0.000,0.000,0.000
2000-05-01,246.686,231.000,936413.000,0.000,0.000,0.000,0.000,0.000,0.000,0.000,0.000,0.000,255.508,94.000,367894.000,240.977,137.000,568519.000,0.000,0.000,0.000,0.000,0.000,0.000,0.000,0.000,0.000,0.000,0.000,0.000
2000-06-01,257.182,212.000,824319.000,0.000,0.000,0.000,0.000,0.000,0.000,0.000,0.000,0.000,258.952,95.000,366864.000,255.763,117.000,457455.000,0.000,0.000,0.000,0.000,0.000,0.000,0.000,0.000,0.000,0.000,0.000,0.000
2000-07-01,268.046,203.000,757333.000,0.000,0.000,0.000,0.000,0.000,0.000,0.000,0.000,0.000,261.307,80.000,306153.000,272.618,123.000,451180.000,0.000,0.000,0.000,0.000,0.000,0.000,0.000,0.000,0.000,0.000,0.000,0.000
2000-08-01,267.180,220.000,823414.000,0.000,0.000,0.000,0.000,0.000,0.000,0.000,0.000,0.000,248.992,77.000,309247.000,278.120,143.000,514167.000,0.000,0.000,0.000,0.000,0.000,0.000,0.000,0.000,0.000,0.000,0.000,0.000
2000-09-01,271.948,273.000,1003869.000,0.000,0.000,0.000,0.000,0.000,0.000,0.000,0.000,0.000,261.399,144.000,550881.000,284.776,129.000,452988.000,0.000,0.000,0.000,0.000,0.000,0.000,0.000,0.000,0.000,0.000,0.000,0.000
2000-10-01,284.815,302.000,1060339.000,0.000,0.000,0.000,0.000,0.000,0.000,0.000,0.000,0.000,267.341,114.000,426421.000,296.568,188.000,633918.000,0.000,0.000,0.000,0.000,0.000,0.000,0.000,0.000,0.000,0.000,0.000,0.000
2000-11-01,284.515,386.000,1356697.000,0.000,0.000,0.000,0.000,0.000,0.000,0.000,0.000,0.000,278.008,170.000,611493.000,289.854,216.000,745204.000,0.000,0.000,0.000,0.000,0.000,0.000,0.000,0.000,0.000,0.000,0.000,0.000
2000-12-01,279.785,559.000,1997966.000,0.000,0.000,0.000,0.000,0.000,0.000,0.000,0.000,0.000,275.035,267.000,970785.000,284.273,292.000,1027181.000,0.000,0.000,0.000,0.000,0.000,0.000,0.000,0.000,0.000,0.000,0.000,0.000
2001-01-01,278.618,471.000,1690485.000,0.000,0.000,0.000,0.000,0.000,0.000,0.000,0.000,0.000,290.934,206.000,708065.000,269.742,265.000,982420.000,0.000,0.000,0.000,0.000,0.000,0.000,0.000,0.000,0.000,0.000,0.000,0.000
2001-02-01,280.029,538.000,1921229.000,280.441,16.000,57053.000,0.000,0.000,0.000,0.000,0.000,0.000,302.060,270.000,893862.000,259.710,252.000,970314.000,0.000,0.000,0.000,0.000,0.000,0.000,0.000,0.000,0.000,0.000,0.000,0.000
2001-03-01,281.757,531.000,1884604.000,0.000,0.000,0.000,0.000,0.000,0.000,0.000,0.000,0.000,299.301,291.000,972266.000,263.060,240.000,912338.000,0.000,0.000,0.000,0.000,0.000,0.000,0.000,0.000,0.000,0.000,0.000,0.000
2001-04-01,279.646,314.000,1122848.000,0.000,0.000,0.000,0.000,0.000,0.000,0.000,0.000,0.000,286.055,140.000,489417.000,274.694,174.000,633431.000,0.000,0.000,0.000,0.000,0.000,0.000,0.000,0.000,0.000,0.000,0.000,0.000
2001-05-01,255.920,295.000,1152705.000,0.000,0.000,0.000,0.000,0.000,0.000,0.000,0.000,0.000,253.406,205.000,808979.000,261.836,90.000,343726.000,0.000,0.000,0.000,0.000,0.000,0.000,0.000,0.000,0.000,0.000,0.000,0.000
2001-06-01,254.299,202.000,794340.000,0.000,0.000,0.000,0.000,0.000,0.000,0.000,0.000,0.000,255.166,188.000,736774.000,243.199,14.000,57566.000,0.000,0.000,0.000,0.000,0.000,0.000,0.000,0.000,0.000,0.000,0.000,0.000
2001-07-01,247.954,163.000,657381.000,0.000,0.000,0.000,0.000,0.000,0.000,0.000,0.000,0.000,247.019,106.000,429117.000,249.711,57.000,228264.000,0.000,0.000,0.000,0.000,0.000,0.000,0.000,0.000,0.000,0.000,0.000,0.000
2001-08-01,245.836,177.000,719993.000,0.000,0.000,0.000,0.000,0.000,0.000,0.000,0.000,0.000,240.007,118.000,491653.000,258.387,59.000,228340.000,0.000,0.000,0.000,0.000,0.000,0.000,0.000,0.000,0.000,0.000,0.000,0.000
2001-09-01,247.816,249.000,1004778.000,0.000,0.000,0.000,0.000,0.000,0.000,0.000,0.000,0.000,247.569,136.000,549341.000,248.113,113.000,455437.000,0.000,0.000,0.000,0.000,0.000,0.000,0.000,0.000,0.000,0.000,0.000,0.000
2001-10-01,253.440,285.000,1124528.000,0.000,0.000,0.000,0.000,0.000,0.000,0.000,0.000,0.000,256.075,172.000,671679.000,249.531,113.000,452849.000,0.000,0.000,0.000,0.000,0.000,0.000,0.000,0.000,0.000,0.000,0.000,0.000
2001-11-01,243.445,403.000,1655404.000,0.000,0.000,0.000,0.000,0.000,0.000,0.000,0.000,0.000,256.223,229.000,893754.000,228.451,174.000,761650.000,0.000,0.000,0.000,0.000,0.000,0.000,0.000,0.000,0.000,0.000,0.000,0.000
2001-12-01,227.760,362.000,1589391.000,0.000,0.000,0.000,0.000,0.000,0.000,0.000,0.000,0.000,240.289,191.000,794877.000,215.226,171.000,794514.000,0.000,0.000,0.000,0.000,0.000,0.000,0.000,0.000,0.000,0.000,0.000,0.000
2002-01-01,223.751,482.000,2154182.000,0.000,0.000,0.000,0.000,0.000,0.000,0.000,0.000,0.000,238.100,271.000,1138179.000,207.677,211.000,1016003.000,0.000,0.000,0.000,0.000,0.000,0.000,0.000,0.000,0.000,0.000,0.000,0.000
2002-02-01,221.907,442.000,1991827.000,0.000,0.000,0.000,0.000,0.000,0.000,0.000,0.000,0.000,231.618,252.000,1087996.000,210.216,190.000,903831.000,0.000,0.000,0.000,0.000,0.000,0.000,0.000,0.000,0.000,0.000,0.000,0.000
2002-03-01,212.383,400.000,1883388.000,0.000,0.000,0.000,0.000,0.000,0.000,0.000,0.000,0.000,216.801,199.000,917891.000,208.183,201.000,965497.000,0.000,0.000,0.000,0.000,0.000,0.000,0.000,0.000,0.000,0.000,0.000,0.000
2002-04-01,206.751,318.000,1538080.000,0.000,0.000,0.000,0.000,0.000,0.000,0.000,0.000,0.000,199.922,160.000,800314.000,214.160,158.000,737766.000,0.000,0.000,0.000,0.000,0.000,0.000,0.000,0.000,0.000,0.000,0.000,0.000
2002-05-01,210.141,187.000,889880.000,0.000,0.000,0.000,0.000,0.000,0.000,0.000,0.000,0.000,190.813,94.000,492629.000,234.109,93.000,397251.000,0.000,0.000,0.000,0.000,0.000,0.000,0.000,0.000,0.000,0.000,0.000,0.000
2002-06-01,208.901,162.000,775487.000,0.000,0.000,0.000,0.000,0.000,0.000,0.000,0.000,0.000,191.748,94.000,490226.000,238.378,68.000,285261.000,0.000,0.000,0.000,0.000,0.000,0.000,0.000,0.000,0.000,0.000,0.000,0.000
2002-07-01,215.087,167.000,776429.000,0.000,0.000,0.000,0.000,0.000,0.000,0.000,0.000,0.000,209.118,90.000,430378.000,222.511,77.000,346051.000,0.000,0.000,0.000,0.000,0.000,0.000,0.000,0.000,0.000,0.000,0.000,0.000
2002-08-01,225.216,179.000,794792.000,0.000,0.000,0.000,0.000,0.000,0.000,0.000,0.000,0.000,217.091,93.000,428391.000,234.716,86.000,366401.000,0.000,0.000,0.000,0.000,0.000,0.000,0.000,0.000,0.000,0.000,0.000,0.000
2002-09-01,238.587,274.000,1148428.000,0.000,0.000,0.000,0.000,0.000,0.000,0.000,0.000,0.000,233.428,166.000,711139.000,246.976,108.000,437289.000,0.000,0.000,0.000,0.000,0.000,0.000,0.000,0.000,0.000,0.000,0.000,0.000
2002-10-01,247.858,422.000,1702591.000,0.000,0.000,0.000,0.000,0.000,0.000,0.000,0.000,0.000,244.816,206.000,841448.000,250.829,216.000,861143.000,0.000,0.000,0.000,0.000,0.000,0.000,0.000,0.000,0.000,0.000,0.000,0.000
2002-11-01,250.782,473.000,1886103.000,0.000,0.000,0.000,0.000,0.000,0.000,0.000,0.000,0.000,249.787,242.000,968825.000,251.832,231.000,917278.000,0.000,0.000,0.000,0.000,0.000,0.000,0.000,0.000,0.000,0.000,0.000,0.000
2002-12-01,248.831,610.000,2451465.000,233.308,41.000,175733.000,0.000,0.000,0.000,0.000,0.000,0.000,255.577,277.000,1083822.000,244.985,292.000,1191910.000,0.000,0.000,0.000,0.000,0.000,0.000,0.000,0.000,0.000,0.000,0.000,0.000
2003-01-01,259.318,655.000,2525853.000,245.291,14.000,57075.000,0.000,0.000,0.000,0.000,0.000,0.000,257.028,326.000,1268346.000,261.468,299.000,1143542.000,281.245,16.000,56890.000,0.000,0.000,0.000,0.000,0.000,0.000,0.000,0.000,0.000
2003-02-01,267.794,460.000,1717736.000,0.000,0.000,0.000,0.000,0.000,0.000,0.000,0.000,0.000,261.802,252.000,962560.000,274.617,192.000,699155.000,285.607,16.000,56021.000,0.000,0.000,0.000,0.000,0.000,0.000,0.000,0.000,0.000
2003-03-01,271.756,496.000,1825165.000,0.000,0.000,0.000,0.000,0.000,0.000,0.000,0.000,0.000,263.201,286.000,1086620.000,282.930,193.000,682148.000,301.434,17.000,56397.000,0.000,0.000,0.000,0.000,0.000,0.000,0.000,0.000,0.000
2003-04-01,263.543,417.000,1582282.000,0.000,0.000,0.000,0.000,0.000,0.000,0.000,0.000,0.000,253.902,200.000,787707.000,273.102,217.000,794575.000,0.000,0.000,0.000,0.000,0.000,0.000,0.000,0.000,0.000,0.000,0.000,0.000
2003-05-01,258.408,392.000,1516982.000,0.000,0.000,0.000,0.000,0.000,0.000,0.000,0.000,0.000,263.720,208.000,788715.000,252.655,184.000,728267.000,0.000,0.000,0.000,0.000,0.000,0.000,0.000,0.000,0.000,0.000,0.000,0.000
2003-06-01,269.906,366.000,1356027.000,0.000,0.000,0.000,0.000,0.000,0.000,0.000,0.000,0.000,277.417,217.000,782217.000,259.668,149.000,573810.000,0.000,0.000,0.000,0.000,0.000,0.000,0.000,0.000,0.000,0.000,0.000,0.000
2003-07-01,275.526,276.000,1001721.000,0.000,0.000,0.000,0.000,0.000,0.000,0.000,0.000,0.000,286.370,190.000,663477.000,254.254,86.000,338244.000,0.000,0.000,0.000,0.000,0.000,0.000,0.000,0.000,0.000,0.000,0.000,0.000
2003-08-01,264.796,251.000,947898.000,0.000,0.000,0.000,0.000,0.000,0.000,0.000,0.000,0.000,265.589,162.000,609966.000,263.367,89.000,337932.000,0.000,0.000,0.000,0.000,0.000,0.000,0.000,0.000,0.000,0.000,0.000,0.000
2003-09-01,262.638,342.000,1302174.000,0.000,0.000,0.000,0.000,0.000,0.000,0.000,0.000,0.000,261.494,206.000,787781.000,264.389,136.000,514393.000,0.000,0.000,0.000,0.000,0.000,0.000,0.000,0.000,0.000,0.000,0.000,0.000
2003-10-01,254.629,389.000,1527714.000,0.000,0.000,0.000,0.000,0.000,0.000,0.000,0.000,0.000,253.577,200.000,788714.000,255.751,189.000,739000.000,0.000,0.000,0.000,0.000,0.000,0.000,0.000,0.000,0.000,0.000,0.000,0.000
2003-11-01,258.420,412.000,1594301.000,226.559,15.000,66208.000,0.000,0.000,0.000,0.000,0.000,0.000,257.455,203.000,788488.000,262.302,194.000,739605.000,0.000,0.000,0.000,0.000,0.000,0.000,0.000,0.000,0.000,0.000,0.000,0.000
2003-12-01,258.870,624.000,2410480.000,0.000,0.000,0.000,0.000,0.000,0.000,0.000,0.000,0.000,257.803,282.000,1093857.000,259.755,342.000,1316623.000,0.000,0.000,0.000,0.000,0.000,0.000,0.000,0.000,0.000,0.000,0.000,0.000
2004-01-01,263.271,668.000,2537309.000,0.000,0.000,0.000,0.000,0.000,0.000,0.000,0.000,0.000,263.234,321.000,1219446.000,263.305,347.000,1317863.000,0.000,0.000,0.000,0.000,0.000,0.000,0.000,0.000,0.000,0.000,0.000,0.000
2004-02-01,265.632,644.000,2424405.000,0.000,0.000,0.000,0.000,0.000,0.000,0.000,0.000,0.000,268.246,310.000,1155655.000,263.251,334.000,1268750.000,0.000,0.000,0.000,0.000,0.000,0.000,0.000,0.000,0.000,0.000,0.000,0.000
2004-03-01,268.551,605.000,2252834.000,0.000,0.000,0.000,0.000,0.000,0.000,0.000,0.000,0.000,270.275,313.000,1158080.000,266.727,292.000,1094754.000,0.000,0.000,0.000,0.000,0.000,0.000,0.000,0.000,0.000,0.000,0.000,0.000
2004-04-01,280.397,578.000,2061362.000,0.000,0.000,0.000,0.000,0.000,0.000,0.000,0.000,0.000,277.952,254.000,913828.000,282.345,324.000,1147534.000,0.000,0.000,0.000,0.000,0.000,0.000,0.000,0.000,0.000,0.000,0.000,0.000
2004-05-01,288.372,340.000,1179034.000,0.000,0.000,0.000,0.000,0.000,0.000,0.000,0.000,0.000,282.657,156.000,551905.000,293.401,184.000,627129.000,0.000,0.000,0.000,0.000,0.000,0.000,0.000,0.000,0.000,0.000,0.000,0.000
2004-06-01,303.312,403.000,1328667.000,0.000,0.000,0.000,0.000,0.000,0.000,0.000,0.000,0.000,286.399,158.000,551678.000,315.320,245.000,776989.000,0.000,0.000,0.000,0.000,0.000,0.000,0.000,0.000,0.000,0.000,0.000,0.000
2004-07-01,307.846,346.000,1123940.000,0.000,0.000,0.000,0.000,0.000,0.000,0.000,0.000,0.000,294.322,198.000,672732.000,328.008,148.000,451208.000,0.000,0.000,0.000,0.000,0.000,0.000,0.000,0.000,0.000,0.000,0.000,0.000
2004-08-01,318.911,321.000,1006551.000,0.000,0.000,0.000,0.000,0.000,0.000,0.000,0.000,0.000,305.978,149.000,486963.000,331.032,172.000,519588.000,0.000,0.000,0.000,0.000,0.000,0.000,0.000,0.000,0.000,0.000,0.000,0.000
2004-09-01,333.625,522.000,1564632.000,0.000,0.000,0.000,0.000,0.000,0.000,0.000,0.000,0.000,321.587,235.000,730750.000,348.315,238.000,683289.000,331.852,38.000,114509.000,304.844,11.000,36084.000,0.000,0.000,0.000,0.000,0.000,0.000
2004-10-01,336.337,674.000,2003943.000,0.000,0.000,0.000,0.000,0.000,0.000,0.000,0.000,0.000,330.698,300.000,907172.000,341.004,336.000,985325.000,340.972,38.000,111446.000,0.000,0.000,0.000,0.000,0.000,0.000,0.000,0.000,0.000
2004-11-01,347.259,648.000,1866040.000,292.562,48.000,164068.000,0.000,0.000,0.000,0.000,0.000,0.000,337.152,266.000,788961.000,369.975,295.000,797352.000,337.198,39.000,115659.000,0.000,0.000,0.000,0.000,0.000,0.000,0.000,0.000,0.000
2004-12-01,329.702,802.000,2432500.000,239.424,29.000,121124.000,0.000,0.000,0.000,0.000,0.000,0.000,350.529,404.000,1152544.000,315.598,346.000,1096331.000,0.000,0.000,0.000,367.994,23.000,62501.000,0.000,0.000,0.000,0.000,0.000,0.000
2005-01-01,329.227,719.000,2183905.000,236.091,29.000,122834.000,0.000,0.000,0.000,0.000,0.000,0.000,362.524,375.000,1034415.000,306.821,315.000,1026656.000,0.000,0.000,0.000,0.000,0.000,0.000,0.000,0.000,0.000,0.000,0.000,0.000
2005-02-01,339.210,719.000,2119628.000,0.000,0.000,0.000,0.000,0.000,0.000,0.000,0.000,0.000,362.479,374.000,1031785.000,317.141,345.000,1087843.000,0.000,0.000,0.000,0.000,0.000,0.000,0.000,0.000,0.000,0.000,0.000,0.000
2005-03-01,327.585,848.000,2588642.000,243.392,15.000,61629.000,0.000,0.000,0.000,0.000,0.000,0.000,363.600,377.000,1036854.000,306.008,456.000,1490159.000,0.000,0.000,0.000,0.000,0.000,0.000,0.000,0.000,0.000,0.000,0.000,0.000
2005-04-01,350.900,705.000,2009121.000,0.000,0.000,0.000,0.000,0.000,0.000,0.000,0.000,0.000,355.216,327.000,920566.000,347.249,378.000,1088555.000,0.000,0.000,0.000,0.000,0.000,0.000,0.000,0.000,0.000,0.000,0.000,0.000
2005-05-01,372.991,461.000,1235955.000,305.304,19.000,62233.000,0.000,0.000,0.000,0.000,0.000,0.000,333.686,203.000,608357.000,422.736,239.000,565365.000,0.000,0.000,0.000,0.000,0.000,0.000,0.000,0.000,0.000,0.000,0.000,0.000
2005-06-01,385.340,374.000,970572.000,244.252,15.000,61412.000,0.000,0.000,0.000,0.000,0.000,0.000,367.356,136.000,370213.000,413.770,223.000,538947.000,0.000,0.000,0.000,0.000,0.000,0.000,0.000,0.000,0.000,0.000,0.000,0.000
2005-07-01,407.104,503.000,1235558.000,0.000,0.000,0.000,0.000,0.000,0.000,0.000,0.000,0.000,391.029,240.000,613766.000,422.971,263.000,621792.000,0.000,0.000,0.000,0.000,0.000,0.000,0.000,0.000,0.000,0.000,0.000,0.000
2005-08-01,434.466,567.000,1305050.000,0.000,0.000,0.000,0.000,0.000,0.000,0.000,0.000,0.000,429.670,343.000,798287.000,472.401,213.000,450888.000,196.868,11.000,55875.000,0.000,0.000,0.000,0.000,0.000,0.000,0.000,0.000,0.000
2005-09-01,426.233,705.000,1654023.000,0.000,0.000,0.000,0.000,0.000,0.000,0.000,0.000,0.000,438.208,401.000,915090.000,430.280,294.000,683276.000,179.672,10.000,55657.000,0.000,0.000,0.000,0.000,0.000,0.000,0.000,0.000,0.000
2005-10-01,438.789,840.000,1914360.000,227.357,8.000,35187.000,0.000,0.000,0.000,0.000,0.000,0.000,457.646,391.000,854372.000,444.574,431.000,969467.000,180.721,10.000,55334.000,0.000,0.000,0.000,0.000,0.000,0.000,0.000,0.000,0.000
2005-11-01,428.814,1021.000,2380985.000,345.169,75.000,217285.000,0.000,0.000,0.000,0.000,0.000,0.000,472.836,492.000,1040530.000,415.754,444.000,1067939.000,181.058,10.000,55231.000,0.000,0.000,0.000,0.000,0.000,0.000,0.000,0.000,0.000
2005-12-01,434.608,1182.000,2719695.000,527.404,99.000,187712.000,0.000,0.000,0.000,0.000,0.000,0.000,462.039,597.000,1292099.000,400.121,477.000,1192138.000,188.497,9.000,47746.000,0.000,0.000,0.000,0.000,0.000,0.000,0.000,0.000,0.000
2006-01-01,438.842,1223.000,2786882.000,351.868,43.000,122205.000,0.000,0.000,0.000,0.000,0.000,0.000,521.459,643.000,1233079.000,382.897,528.000,1378961.000,170.982,9.000,52637.000,0.000,0.000,0.000,0.000,0.000,0.000,0.000,0.000,0.000
2006-02-01,458.804,1309.000,2853068.000,238.421,53.000,222296.000,0.000,0.000,0.000,0.000,0.000,0.000,510.452,726.000,1422269.000,407.441,376.000,922833.000,539.084,154.000,285670.000,0.000,0.000,0.000,0.000,0.000,0.000,0.000,0.000,0.000
2006-03-01,418.848,1244.000,2970052.000,376.465,48.000,127502.000,0.000,0.000,0.000,0.000,0.000,0.000,482.302,560.000,1161099.000,372.813,586.000,1571835.000,456.138,50.000,109616.000,0.000,0.000,0.000,0.000,0.000,0.000,0.000,0.000,0.000
2006-04-01,456.340,862.000,1888941.000,373.935,23.000,61508.000,0.000,0.000,0.000,0.000,0.000,0.000,508.019,434.000,854299.000,422.951,366.000,865348.000,361.828,39.000,107786.000,0.000,0.000,0.000,0.000,0.000,0.000,0.000,0.000,0.000
2006-05-01,485.131,1089.000,2244753.000,0.000,0.000,0.000,0.000,0.000,0.000,0.000,0.000,0.000,504.619,556.000,1101821.000,478.061,465.000,972680.000,399.408,68.000,170252.000,0.000,0.000,0.000,0.000,0.000,0.000,0.000,0.000,0.000
2006-06-01,484.244,884.000,1825527.000,0.000,0.000,0.000,0.000,0.000,0.000,483.971,25.000,51656.000,512.676,442.000,862143.000,494.064,397.000,803540.000,184.863,20.000,108188.000,0.000,0.000,0.000,0.000,0.000,0.000,0.000,0.000,0.000
2006-07-01,510.895,661.000,1293808.000,0.000,0.000,0.000,0.000,0.000,0.000,0.000,0.000,0.000,530.720,326.000,614260.000,522.784,298.000,570025.000,337.829,37.000,109523.000,0.000,0.000,0.000,0.000,0.000,0.000,0.000,0.000,0.000
2006-08-01,511.394,637.000,1245614.000,0.000,0.000,0.000,0.000,0.000,0.000,0.000,0.000,0.000,520.066,318.000,611461.000,503.033,319.000,634153.000,0.000,0.000,0.000,0.000,0.000,0.000,0.000,0.000,0.000,0.000,0.000,0.000
2006-09-01,497.572,760.000,1527416.000,0.000,0.000,0.000,0.000,0.000,0.000,0.000,0.000,0.000,548.000,365.000,666059.000,474.832,386.000,812919.000,185.805,9.000,48438.000,0.000,0.000,0.000,0.000,0.000,0.000,0.000,0.000,0.000
2006-10-01,521.663,737.000,1412789.000,0.000,0.000,0.000,0.000,0.000,0.000,0.000,0.000,0.000,592.400,536.000,904794.000,420.795,191.000,453903.000,184.870,10.000,54092.000,0.000,0.000,0.000,0.000,0.000,0.000,0.000,0.000,0.000
2006-11-01,468.379,1011.000,2158507.000,240.505,27.000,112264.000,0.000,0.000,0.000,0.000,0.000,0.000,619.900,525.000,846911.000,390.416,449.000,1150055.000,202.934,10.000,49277.000,0.000,0.000,0.000,0.000,0.000,0.000,0.000,0.000,0.000
2006-12-01,494.367,1507.000,3048341.000,234.594,13.000,55415.000,0.000,0.000,0.000,388.082,22.000,56689.000,577.801,809.000,1400135.000,416.089,549.000,1319428.000,526.136,114.000,216674.000,0.000,0.000,0.000,0.000,0.000,0.000,0.000,0.000,0.000
2007-01-01,497.078,1318.000,2651496.000,234.200,13.000,55508.000,0.000,0.000,0.000,181.386,10.000,55131.000,602.728,621.000,1030315.000,421.020,534.000,1268347.000,578.047,140.000,242195.000,0.000,0.000,0.000,0.000,0.000,0.000,0.000,0.000,0.000
2007-02-01,458.810,1102.000,2401864.000,278.715,10.000,35879.000,0.000,0.000,0.000,0.000,0.000,0.000,522.026,634.000,1214500.000,379.102,372.000,981266.000,505.231,86.000,170219.000,0.000,0.000,0.000,0.000,0.000,0.000,0.000,0.000,0.000
2007-03-01,458.342,1273.000,2777405.000,243.837,10.000,41011.000,0.000,0.000,0.000,0.000,0.000,0.000,526.557,778.000,1477523.000,379.405,393.000,1035833.000,412.486,92.000,223038.000,0.000,0.000,0.000,0.000,0.000,0.000,0.000,0.000,0.000
2007-04-01,452.297,1010.000,2233045.000,0.000,0.000,0.000,0.000,0.000,0.000,0.000,0.000,0.000,521.096,573.000,1099605.000,395.274,427.000,1080264.000,188.055,10.000,53176.000,0.000,0.000,0.000,0.000,0.000,0.000,0.000,0.000,0.000
2007-05-01,450.698,881.000,1954744.000,0.000,0.000,0.000,0.000,0.000,0.000,0.000,0.000,0.000,523.896,518.000,988746.000,394.558,340.000,861724.000,220.573,23.000,104274.000,0.000,0.000,0.000,0.000,0.000,0.000,0.000,0.000,0.000
2007-06-01,474.398,607.000,1279517.000,0.000,0.000,0.000,0.000,0.000,0.000,0.000,0.000,0.000,517.591,377.000,728374.000,439.934,221.000,502348.000,184.445,9.000,48795.000,0.000,0.000,0.000,0.000,0.000,0.000,0.000,0.000,0.000
2007-07-01,469.995,673.000,1431931.000,0.000,0.000,0.000,0.000,0.000,0.000,0.000,0.000,0.000,488.281,447.000,915457.000,468.069,216.000,461470.000,181.805,10.000,55004.000,0.000,0.000,0.000,0.000,0.000,0.000,0.000,0.000,0.000
2007-08-01,515.966,795.000,1540799.000,0.000,0.000,0.000,0.000,0.000,0.000,0.000,0.000,0.000,511.590,500.000,977346.000,523.557,295.000,563453.000,0.000,0.000,0.000,0.000,0.000,0.000,0.000,0.000,0.000,0.000,0.000,0.000
2007-09-01,500.322,970.000,1938752.000,178.830,11.000,61511.000,0.000,0.000,0.000,0.000,0.000,0.000,561.578,580.000,1032804.000,465.554,370.000,794752.000,181.141,9.000,49685.000,0.000,0.000,0.000,0.000,0.000,0.000,0.000,0.000,0.000
2007-10-01,506.252,989.000,1953572.000,229.378,13.000,56675.000,0.000,0.000,0.000,0.000,0.000,0.000,572.360,524.000,915507.000,452.928,418.000,922885.000,581.147,34.000,58505.000,0.000,0.000,0.000,0.000,0.000,0.000,0.000,0.000,0.000
2007-11-01,527.994,1289.000,2441316.000,236.179,13.000,55043.000,0.000,0.000,0.000,0.000,0.000,0.000,611.533,708.000,1157747.000,491.702,547.000,1112462.000,180.935,21.000,116064.000,0.000,0.000,0.000,0.000,0.000,0.000,0.000,0.000,0.000
2007-12-01,589.315,1747.000,2964460.000,456.625,53.000,116069.000,0.000,0.000,0.000,656.569,145.000,220845.000,616.740,828.000,1342543.000,555.810,512.000,921178.000,574.452,209.000,363825.000,0.000,0.000,0.000,0.000,0.000,0.000,0.000,0.000,0.000
2008-01-01,587.920,1864.000,3170500.000,234.359,26.000,110941.000,0.000,0.000,0.000,734.749,121.000,164682.000,608.811,840.000,1379738.000,510.976,564.000,1103769.000,760.872,313.000,411370.000,0.000,0.000,0.000,0.000,0.000,0.000,0.000,0.000,0.000
2008-02-01,604.074,1907.000,3156900.000,234.644,13.000,55403.000,0.000,0.000,0.000,731.164,44.000,60178.000,650.144,934.000,1436605.000,547.848,713.000,1301457.000,669.399,203.000,303257.000,0.000,0.000,0.000,0.000,0.000,0.000,0.000,0.000,0.000
2008-03-01,615.247,1903.000,3093068.000,232.415,26.000,111869.000,0.000,0.000,0.000,832.572,41.000,49245.000,678.593,865.000,1274697.000,513.149,576.000,1122481.000,738.627,395.000,534776.000,0.000,0.000,0.000,0.000,0.000,0.000,0.000,0.000,0.000
2008-04-01,719.978,1570.000,2180623.000,0.000,0.000,0.000,0.000,0.000,0.000,736.498,36.000,48880.000,758.040,957.000,1262467.000,671.662,390.000,580649.000,647.895,187.000,288627.000,0.000,0.000,0.000,0.000,0.000,0.000,0.000,0.000,0.000
2008-05-01,696.290,1483.000,2129861.000,0.000,0.000,0.000,0.000,0.000,0.000,170.809,8.000,46836.000,790.510,726.000,918394.000,659.815,684.000,1036654.000,507.904,65.000,127977.000,0.000,0.000,0.000,0.000,0.000,0.000,0.000,0.000,0.000
2008-06-01,708.476,1047.000,1477819.000,0.000,0.000,0.000,0.000,0.000,0.000,0.000,0.000,0.000,808.564,551.000,681455.000,613.225,384.000,626198.000,658.181,112.000,170166.000,0.000,0.000,0.000,0.000,0.000,0.000,0.000,0.000,0.000
2008-07-01,776.316,1370.000,1764745.000,0.000,0.000,0.000,0.000,0.000,0.000,0.000,0.000,0.000,797.432,834.000,1045857.000,777.503,474.000,609644.000,567.537,62.000,109244.000,0.000,0.000,0.000,0.000,0.000,0.000,0.000,0.000,0.000
2008-08-01,773.700,1246.000,1610443.000,0.000,0.000,0.000,0.000,0.000,0.000,0.000,0.000,0.000,837.731,773.000,922731.000,643.971,368.000,571454.000,903.164,105.000,116258.000,0.000,0.000,0.000,0.000,0.000,0.000,0.000,0.000,0.000
2008-09-01,824.956,1517.000,1838887.000,0.000,0.000,0.000,0.000,0.000,0.000,177.578,9.000,50682.000,961.638,939.000,976459.000,734.805,507.000,689979.000,509.169,62.000,121767.000,0.000,0.000,0.000,0.000,0.000,0.000,0.000,0.000,0.000
2008-10-01,859.678,1556.000,1809980.000,0.000,0.000,0.000,0.000,0.000,0.000,794.123,44.000,55407.000,1040.036,905.000,870162.000,673.894,477.000,707826.000,736.189,130.000,176585.000,0.000,0.000,0.000,0.000,0.000,0.000,0.000,0.000,0.000
2008-11-01,870.511,2249.000,2583541.000,0.000,0.000,0.000,0.000,0.000,0.000,599.985,62.000,103336.000,1094.340,1368.000,1250069.000,662.497,654.000,987175.000,679.121,165.000,242961.000,0.000,0.000,0.000,0.000,0.000,0.000,0.000,0.000,0.000
2008-12-01,856.981,2093.000,2442294.000,695.783,83.000,119290.000,0.000,0.000,0.000,1184.343,60.000,50661.000,1102.895,1400.000,1269386.000,485.108,340.000,700875.000,695.175,210.000,302082.000,0.000,0.000,0.000,0.000,0.000,0.000,0.000,0.000,0.000
2009-01-01,769.168,3007.000,3909417.000,306.559,89.000,290319.000,0.000,0.000,0.000,724.266,164.000,226436.000,981.281,1633.000,1664152.000,550.074,688.000,1250740.000,906.294,433.000,477770.000,0.000,0.000,0.000,0.000,0.000,0.000,0.000,0.000,0.000
2009-02-01,665.803,1901.000,2855198.000,604.475,174.000,287853.000,0.000,0.000,0.000,569.969,127.000,222819.000,833.142,960.000,1152265.000,515.436,550.000,1067058.000,718.833,90.000,125203.000,0.000,0.000,0.000,0.000,0.000,0.000,0.000,0.000,0.000
2009-03-01,607.716,1619.000,2664075.000,427.287,52.000,121698.000,0.000,0.000,0.000,461.003,27.000,58568.000,720.949,920.000,1276095.000,486.758,494.000,1014879.000,653.408,126.000,192835.000,0.000,0.000,0.000,0.000,0.000,0.000,0.000,0.000,0.000
2009-04-01,454.112,797.000,1755072.000,596.476,39.000,65384.000,0.000,0.000,0.000,0.000,0.000,0.000,528.858,517.000,977579.000,348.518,226.000,648460.000,0.000,0.000,0.000,0.000,0.000,0.000,235.667,15.000,63649.000,0.000,0.000,0.000
2009-05-01,397.569,500.000,1257643.000,249.084,14.000,56206.000,0.000,0.000,0.000,0.000,0.000,0.000,451.585,331.000,732974.000,301.054,122.000,405243.000,0.000,0.000,0.000,0.000,0.000,0.000,521.987,33.000,63220.000,0.000,0.000,0.000
2009-06-01,385.848,561.000,1453941.000,217.669,15.000,68912.000,0.000,0.000,0.000,0.000,0.000,0.000,420.355,230.000,547157.000,360.762,255.000,706838.000,465.528,61.000,131034.000,0.000,0.000,0.000,0.000,0.000,0.000,0.000,0.000,0.000
2009-07-01,375.868,435.000,1157320.000,0.000,0.000,0.000,0.000,0.000,0.000,0.000,0.000,0.000,423.376,193.000,455860.000,332.296,213.000,640995.000,479.616,29.000,60465.000,0.000,0.000,0.000,0.000,0.000,0.000,0.000,0.000,0.000
2009-08-01,420.088,474.000,1128336.000,0.000,0.000,0.000,0.000,0.000,0.000,0.000,0.000,0.000,442.625,271.000,612257.000,385.125,176.000,456994.000,456.969,27.000,59085.000,0.000,0.000,0.000,0.000,0.000,0.000,0.000,0.000,0.000
2009-09-01,437.611,520.000,1188269.000,204.117,14.000,68588.000,0.000,0.000,0.000,0.000,0.000,0.000,477.849,363.000,759654.000,430.579,99.000,229923.000,439.414,29.000,65997.000,0.000,0.000,0.000,233.984,15.000,64107.000,0.000,0.000,0.000
2009-10-01,459.149,1135.000,2471962.000,274.356,31.000,112992.000,0.000,0.000,0.000,0.000,0.000,0.000,541.504,523.000,965829.000,432.663,548.000,1266576.000,0.000,0.000,0.000,0.000,0.000,0.000,260.736,33.000,126565.000,0.000,0.000,0.000
2009-11-01,475.123,1252.000,2635108.000,276.253,32.000,115836.000,0.000,0.000,0.000,0.000,0.000,0.000,545.714,670.000,1227749.000,440.796,484.000,1098013.000,529.549,35.000,66094.000,0.000,0.000,0.000,243.298,31.000,127416.000,0.000,0.000,0.000
2009-12-01,499.195,1670.000,3345385.000,341.878,43.000,125776.000,0.000,0.000,0.000,328.407,55.000,167475.000,573.805,768.000,1338434.000,501.162,352.000,702367.000,525.744,231.000,439377.000,0.000,0.000,0.000,386.393,221.000,571956.000,0.000,0.000,0.000
2010-01-01,496.480,1753.000,3530859.000,282.624,49.000,173375.000,389.066,23.000,59116.000,502.579,53.000,105456.000,590.573,659.000,1115866.000,462.452,726.000,1569891.000,633.744,160.000,252468.000,0.000,0.000,0.000,325.890,83.000,254687.000,0.000,0.000,0.000
2010-02-01,467.409,1607.000,3438103.000,289.349,34.000,117505.000,0.000,0.000,0.000,405.791,65.000,160181.000,537.514,754.000,1402753.000,426.060,402.000,943529.000,544.730,237.000,435078.000,0.000,0.000,0.000,303.384,115.000,379057.000,0.000,0.000,0.000
2010-03-01,509.551,1752.000,3438322.000,300.322,17.000,56606.000,0.000,0.000,0.000,0.000,0.000,0.000,571.997,778.000,1360146.000,483.015,676.000,1399542.000,579.258,176.000,303837.000,0.000,0.000,0.000,329.990,105.000,318191.000,0.000,0.000,0.000
2010-04-01,567.849,1271.000,2238273.000,495.303,28.000,56531.000,0.000,0.000,0.000,0.000,0.000,0.000,651.151,746.000,1145663.000,552.304,361.000,653625.000,578.012,74.000,128025.000,0.000,0.000,0.000,243.683,62.000,254429.000,0.000,0.000,0.000
2010-05-01,578.366,1133.000,1958966.000,0.000,0.000,0.000,0.000,0.000,0.000,0.000,0.000,0.000,656.454,680.000,1035869.000,566.017,414.000,731427.000,0.000,0.000,0.000,0.000,0.000,0.000,203.475,39.000,191670.000,0.000,0.000,0.000
2010-06-01,528.635,1064.000,2012729.000,0.000,0.000,0.000,0.000,0.000,0.000,0.000,0.000,0.000,593.663,536.000,902869.000,500.379,457.000,913308.000,579.165,40.000,69065.000,0.000,0.000,0.000,243.162,31.000,127487.000,0.000,0.000,0.000
2010-07-01,546.761,1133.000,2072205.000,547.487,36.000,65755.000,412.194,24.000,58225.000,0.000,0.000,0.000,626.250,565.000,902195.000,497.067,454.000,913358.000,598.802,41.000,68470.000,0.000,0.000,0.000,202.486,13.000,64202.000,0.000,0.000,0.000
2010-08-01,564.738,1150.000,2036342.000,0.000,0.000,0.000,0.000,0.000,0.000,0.000,0.000,0.000,646.981,668.000,1032488.000,501.405,373.000,743909.000,523.775,69.000,131736.000,419.979,27.000,64289.000,203.379,13.000,63920.000,0.000,0.000,0.000
2010-09-01,541.744,1252.000,2311053.000,480.062,61.000,127067.000,0.000,0.000,0.000,0.000,0.000,0.000,647.970,622.000,959921.000,540.352,396.000,732855.000,490.491,115.000,234459.000,0.000,0.000,0.000,225.900,58.000,256751.000,0.000,0.000,0.000
2010-10-01,516.859,1418.000,2743494.000,546.738,99.000,181074.000,0.000,0.000,0.000,416.071,23.000,55279.000,605.635,649.000,1071602.000,477.698,442.000,925271.000,518.047,132.000,254803.000,0.000,0.000,0.000,285.753,73.000,255465.000,0.000,0.000,0.000
2010-11-01,510.980,1811.000,3544170.000,497.092,93.000,187088.000,0.000,0.000,0.000,437.391,46.000,105169.000,577.242,849.000,1470788.000,492.741,506.000,1026909.000,500.544,154.000,307665.000,0.000,0.000,0.000,365.020,163.000,446551.000,0.000,0.000,0.000
2010-12-01,506.568,1661.000,3278930.000,504.333,33.000,65433.000,486.796,56.000,115038.000,474.704,52.000,109542.000,579.939,839.000,1446705.000,482.950,207.000,428616.000,520.846,352.000,675823.000,494.138,58.000,117376.000,199.752,64.000,320397.000,0.000,0.000,0.000
2011-01-01,529.016,2610.000,4933688.000,506.308,96.000,189608.000,0.000,0.000,0.000,490.086,150.000,306069.000,601.931,1032.000,1714481.000,504.279,831.000,1647898.000,599.893,340.000,566768.000,0.000,0.000,0.000,316.391,161.000,508864.000,0.000,0.000,0.000
2011-02-01,527.106,1638.000,3107535.000,512.377,29.000,56599.000,486.039,29.000,59666.000,541.962,164.000,302604.000,583.657,729.000,1249021.000,456.724,308.000,674368.000,578.306,262.000,453047.000,536.509,31.000,57781.000,337.985,86.000,254449.000,0.000,0.000,0.000
2011-03-01,565.740,2133.000,3770284.000,510.537,97.000,189996.000,0.000,0.000,0.000,530.464,168.000,316704.000,611.950,970.000,1585098.000,602.710,511.000,847837.000,570.124,183.000,320983.000,0.000,0.000,0.000,400.262,204.000,509666.000,0.000,0.000,0.000
2011-04-01,631.234,1496.000,2369960.000,581.928,33.000,56708.000,0.000,0.000,0.000,566.306,59.000,104184.000,695.477,850.000,1222182.000,642.001,511.000,795949.000,0.000,0.000,0.000,0.000,0.000,0.000,225.205,43.000,190937.000,0.000,0.000,0.000
2011-05-01,630.863,1509.000,2391963.000,664.319,80.000,120424.000,638.822,34.000,53223.000,566.787,100.000,176433.000,713.110,652.000,914305.000,579.028,542.000,936052.000,0.000,0.000,0.000,0.000,0.000,0.000,527.344,101.000,191526.000,0.000,0.000,0.000
2011-06-01,697.502,1478.000,2118990.000,0.000,0.000,0.000,0.000,0.000,0.000,558.520,119.000,213063.000,702.046,729.000,1038393.000,737.897,546.000,739941.000,654.081,44.000,67270.000,0.000,0.000,0.000,663.097,40.000,60323.000,0.000,0.000,0.000
2011-07-01,694.758,1566.000,2254022.000,0.000,0.000,0.000,0.000,0.000,0.000,656.946,36.000,54799.000,766.383,889.000,1159995.000,624.529,536.000,858247.000,732.271,39.000,53259.000,0.000,0.000,0.000,516.747,66.000,127722.000,0.000,0.000,0.000
2011-08-01,725.651,1469.000,2024389.000,0.000,0.000,0.000,0.000,0.000,0.000,656.155,66.000,100586.000,828.135,730.000,881499.000,650.803,600.000,921938.000,606.484,73.000,120366.000,0.000,0.000,0.000,0.000,0.000,0.000,0.000,0.000,0.000
2011-09-01,718.619,2632.000,3662583.000,717.805,81.000,112844.000,0.000,0.000,0.000,613.705,125.000,203681.000,829.097,1233.000,1487161.000,688.167,1061.000,1541778.000,701.503,49.000,69850.000,779.451,44.000,56450.000,204.382,39.000,190819.000,0.000,0.000,0.000
2011-10-01,716.087,2133.000,2978690.000,0.000,0.000,0.000,0.000,0.000,0.000,622.754,35.000,56202.000,909.631,1039.000,1142221.000,619.474,777.000,1254290.000,694.041,154.000,221889.000,593.213,34.000,57315.000,380.917,94.000,246773.000,0.000,0.000,0.000
2011-11-01,703.416,1619.000,2301624.000,0.000,0.000,0.000,0.000,0.000,0.000,645.105,66.000,102309.000,884.692,669.000,756195.000,665.322,590.000,886789.000,612.864,152.000,248016.000,451.554,26.000,57579.000,462.638,116.000,250736.000,0.000,0.000,0.000
2011-12-01,750.168,3579.000,4770931.000,704.248,43.000,61058.000,0.000,0.000,0.000,644.789,173.000,268305.000,881.716,1686.000,1912180.000,690.941,1167.000,1689000.000,736.467,300.000,407350.000,932.519,107.000,114743.000,323.599,103.000,318295.000,0.000,0.000,0.000
2012-01-01,690.263,1993.000,2887304.000,707.844,85.000,120083.000,911.258,52.000,57064.000,625.067,93.000,148784.000,758.700,966.000,1273230.000,624.973,574.000,918440.000,813.461,197.000,242175.000,0.000,0.000,0.000,203.877,26.000,127528.000,0.000,0.000,0.000
2012-02-01,744.058,3456.000,4644798.000,0.000,0.000,0.000,0.000,0.000,0.000,591.132,154.000,260517.000,838.280,1630.000,1944458.000,702.238,1019.000,1451075.000,747.041,452.000,605054.000,0.000,0.000,0.000,523.855,201.000,383694.000,0.000,0.000,0.000
2012-03-01,705.660,2464.000,3491768.000,0.000,0.000,0.000,0.000,0.000,0.000,619.480,128.000,206625.000,814.321,1046.000,1284505.000,682.282,1026.000,1503778.000,698.845,177.000,253275.000,934.722,49.000,52422.000,198.783,38.000,191163.000,0.000,0.000,0.000
2012-04-01,790.538,2148.000,2717136.000,0.000,0.000,0.000,0.000,0.000,0.000,0.000,0.000,0.000,921.166,1296.000,1406913.000,680.977,678.000,995628.000,768.570,144.000,187361.000,0.000,0.000,0.000,235.786,30.000,127234.000,0.000,0.000,0.000
2012-05-01,825.942,1822.000,2205965.000,0.000,0.000,0.000,0.000,0.000,0.000,0.000,0.000,0.000,938.525,1045.000,1113449.000,837.818,556.000,663629.000,681.487,74.000,108586.000,0.000,0.000,0.000,458.943,147.000,320301.000,0.000,0.000,0.000
2012-06-01,864.679,2117.000,2448308.000,891.057,57.000,63969.000,0.000,0.000,0.000,0.000,0.000,0.000,919.346,1034.000,1124712.000,818.683,843.000,1029702.000,795.912,183.000,229925.000,0.000,0.000,0.000,0.000,0.000,0.000,0.000,0.000,0.000
2012-07-01,820.293,2257.000,2751456.000,789.348,144.000,182429.000,0.000,0.000,0.000,0.000,0.000,0.000,858.632,1431.000,1666605.000,750.879,518.000,689858.000,771.532,164.000,212564.000,0.000,0.000,0.000,0.000,0.000,0.000,0.000,0.000,0.000
2012-08-01,811.476,1893.000,2332785.000,0.000,0.000,0.000,0.000,0.000,0.000,662.677,33.000,49798.000,918.912,1120.000,1218833.000,657.477,536.000,815238.000,710.944,86.000,120966.000,0.000,0.000,0.000,922.235,118.000,127950.000,0.000,0.000,0.000
2012-09-01,766.652,2142.000,2793965.000,732.785,128.000,174676.000,0.000,0.000,0.000,658.117,39.000,59260.000,928.497,1243.000,1338722.000,657.832,640.000,972893.000,0.000,0.000,0.000,0.000,0.000,0.000,370.349,92.000,248414.000,0.000,0.000,0.000
2012-10-01,675.438,1808.000,2676780.000,650.586,40.000,61483.000,0.000,0.000,0.000,610.490,34.000,55693.000,833.959,950.000,1139145.000,586.111,620.000,1057820.000,704.443,121.000,171767.000,0.000,0.000,0.000,225.282,43.000,190872.000,0.000,0.000,0.000
2012-11-01,672.980,2011.000,2988201.000,647.822,41.000,63289.000,0.000,0.000,0.000,0.000,0.000,0.000,863.313,1114.000,1290378.000,548.082,694.000,1266235.000,716.846,84.000,117180.000,664.916,40.000,60158.000,198.994,38.000,190961.000,0.000,0.000,0.000
2012-12-01,765.545,3250.000,4245340.000,698.900,116.000,165975.000,0.000,0.000,0.000,739.602,38.000,51379.000,821.542,1801.000,2192218.000,741.819,694.000,935538.000,744.901,437.000,586655.000,841.635,49.000,58220.000,450.353,115.000,255355.000,0.000,0.000,0.000
2013-01-01,773.038,3027.000,3915718.000,732.038,41.000,56008.000,0.000,0.000,0.000,822.248,107.000,130131.000,853.947,1748.000,2046965.000,642.613,659.000,1025500.000,842.332,395.000,468936.000,854.392,52.000,60862.000,196.362,25.000,127316.000,0.000,0.000,0.000
2013-02-01,780.842,3197.000,4094300.000,783.465,92.000,117427.000,0.000,0.000,0.000,0.000,0.000,0.000,840.529,1965.000,2337814.000,699.142,517.000,739478.000,812.126,473.000,582422.000,936.723,58.000,61918.000,360.444,92.000,255241.000,0.000,0.000,0.000
2013-03-01,791.199,3293.000,4162035.000,0.000,0.000,0.000,0.000,0.000,0.000,846.220,211.000,249344.000,846.141,2173.000,2568129.000,711.546,694.000,975341.000,785.263,190.000,241957.000,0.000,0.000,0.000,196.442,25.000,127264.000,0.000,0.000,0.000
2013-04-01,745.352,2597.000,3484258.000,0.000,0.000,0.000,0.000,0.000,0.000,847.278,60.000,70815.000,829.620,1541.000,1857477.000,650.491,650.000,999245.000,828.587,303.000,365683.000,0.000,0.000,0.000,225.086,43.000,191038.000,0.000,0.000,0.000
2013-05-01,759.897,2203.000,2899078.000,701.947,120.000,170953.000,0.000,0.000,0.000,0.000,0.000,0.000,844.528,1281.000,1516824.000,715.557,732.000,1022979.000,718.872,44.000,61207.000,0.000,0.000,0.000,204.539,26.000,127115.000,0.000,0.000,0.000
2013-06-01,776.873,2153.000,2771365.000,0.000,0.000,0.000,0.000,0.000,0.000,732.820,88.000,120084.000,859.147,1283.000,1493342.000,709.316,514.000,724642.000,786.935,190.000,241443.000,0.000,0.000,0.000,406.559,78.000,191854.000,0.000,0.000,0.000
2013-07-01,775.942,1876.000,2417707.000,696.676,49.000,70334.000,0.000,0.000,0.000,769.171,198.000,257420.000,841.303,1166.000,1385946.000,623.060,361.000,579398.000,839.327,51.000,60763.000,0.000,0.000,0.000,798.797,51.000,63846.000,0.000,0.000,0.000
2013-08-01,766.579,2496.000,3256026.000,0.000,0.000,0.000,0.000,0.000,0.000,759.388,93.000,122467.000,812.212,1163.000,1431892.000,745.954,866.000,1160930.000,757.846,319.000,420930.000,0.000,0.000,0.000,459.072,55.000,119807.000,0.000,0.000,0.000
2013-09-01,776.935,1915.000,2464814.000,0.000,0.000,0.000,0.000,0.000,0.000,580.889,28.000,48202.000,763.291,1187.000,1555109.000,819.848,562.000,685493.000,784.046,138.000,176010.000,0.000,0.000,0.000,0.000,0.000,0.000,0.000,0.000,0.000
2013-10-01,752.081,2382.000,3167213.000,0.000,0.000,0.000,0.000,0.000,0.000,802.913,58.000,72237.000,801.629,1463.000,1825034.000,740.862,579.000,781522.000,802.708,239.000,297742.000,0.000,0.000,0.000,225.511,43.000,190678.000,0.000,0.000,0.000
2013-11-01,757.602,2468.000,3257649.000,689.439,88.000,127640.000,0.000,0.000,0.000,0.000,0.000,0.000,807.442,1182.000,1463882.000,779.323,860.000,1103522.000,799.384,246.000,307737.000,0.000,0.000,0.000,360.971,92.000,254868.000,0.000,0.000,0.000
2013-12-01,761.497,3035.000,3985572.000,783.598,61.000,77846.000,0.000,0.000,0.000,718.065,38.000,52920.000,803.542,1441.000,1793311.000,767.099,985.000,1284058.000,797.612,366.000,458870.000,827.378,105.000,126907.000,203.485,39.000,191660.000,0.000,0.000,0.000
2014-01-01,810.385,3594.000,4434928.000,0.000,0.000,0.000,0.000,0.000,0.000,0.000,0.000,0.000,834.871,1854.000,2220703.000,810.567,893.000,1101698.000,873.787,599.000,685522.000,854.145,147.000,172102.000,396.229,101.000,254903.000,0.000,0.000,0.000
2014-02-01,860.948,3584.000,4162854.000,710.517,40.000,56297.000,0.000,0.000,0.000,0.000,0.000,0.000,909.279,2338.000,2571268.000,786.688,622.000,790657.000,894.061,329.000,367984.000,866.859,105.000,121127.000,587.036,150.000,255521.000,0.000,0.000,0.000
2014-03-01,861.428,3514.000,4079275.000,0.000,0.000,0.000,0.000,0.000,0.000,0.000,0.000,0.000,919.229,2519.000,2740339.000,783.272,608.000,776231.000,825.095,264.000,319963.000,840.453,97.000,115414.000,204.197,26.000,127328.000,0.000,0.000,0.000
2014-04-01,857.016,2730.000,3185470.000,704.931,45.000,63836.000,0.000,0.000,0.000,0.000,0.000,0.000,916.149,1550.000,1691865.000,808.800,857.000,1059594.000,868.216,211.000,243027.000,0.000,0.000,0.000,526.945,67.000,127148.000,0.000,0.000,0.000
2014-05-01,853.610,1852.000,2169608.000,0.000,0.000,0.000,0.000,0.000,0.000,0.000,0.000,0.000,897.567,865.000,963716.000,832.290,536.000,644006.000,815.270,102.000,125112.000,821.184,150.000,182663.000,783.122,199.000,254111.000,0.000,0.000,0.000
2014-06-01,868.282,1898.000,2185925.000,812.821,113.000,139022.000,0.000,0.000,0.000,0.000,0.000,0.000,911.454,983.000,1078496.000,825.379,510.000,617898.000,833.074,292.000,350509.000,0.000,0.000,0.000,0.000,0.000,0.000,0.000,0.000,0.000
2014-07-01,850.810,1842.000,2164995.000,692.321,84.000,121331.000,0.000,0.000,0.000,0.000,0.000,0.000,929.613,1068.000,1148865.000,763.948,495.000,647950.000,829.959,99.000,119283.000,748.421,48.000,64135.000,756.728,48.000,63431.000,0.000,0.000,0.000
2014-08-01,849.075,2142.000,2522745.000,0.000,0.000,0.000,0.000,0.000,0.000,0.000,0.000,0.000,910.378,1275.000,1400517.000,759.053,515.000,678477.000,792.401,243.000,306663.000,837.739,61.000,72815.000,746.814,48.000,64273.000,0.000,0.000,0.000
2014-09-01,857.254,1965.000,2292203.000,802.096,109.000,135894.000,0.000,0.000,0.000,706.914,45.000,63657.000,932.505,918.000,984445.000,801.400,490.000,611430.000,819.238,195.000,238026.000,807.182,107.000,132560.000,800.374,101.000,126191.000,0.000,0.000,0.000
2014-10-01,843.356,2309.000,2737872.000,698.485,82.000,117397.000,0.000,0.000,0.000,0.000,0.000,0.000,907.991,1045.000,1150892.000,809.813,881.000,1087906.000,775.597,149.000,192110.000,829.889,51.000,61454.000,788.367,101.000,128113.000,0.000,0.000,0.000
2014-11-01,827.752,2413.000,2915125.000,735.090,98.000,133317.000,0.000,0.000,0.000,806.617,51.000,63227.000,894.203,1573.000,1759109.000,685.527,358.000,522226.000,718.586,132.000,183694.000,801.000,50.000,62422.000,790.038,151.000,191130.000,0.000,0.000,0.000
2014-12-01,835.465,3556.000,4256312.000,669.003,46.000,68759.000,0.000,0.000,0.000,0.000,0.000,0.000,884.497,1794.000,2028271.000,802.452,825.000,1028099.000,770.406,471.000,611366.000,824.576,164.000,198890.000,797.689,256.000,320927.000,0.000,0.000,0.000
2015-01-01,742.089,3050.000,4110021.000,559.069,186.000,332696.000,0.000,0.000,0.000,696.443,38.000,54563.000,824.496,1656.000,2008500.000,688.510,695.000,1009426.000,637.671,243.000,381074.000,747.497,99.000,132442.000,695.170,133.000,191320.000,0.000,0.000,0.000
2015-02-01,699.955,2159.000,3084484.000,590.975,118.000,199670.000,0.000,0.000,0.000,0.000,0.000,0.000,780.276,1211.000,1552015.000,621.677,488.000,784974.000,610.329,180.000,294923.000,0.000,0.000,0.000,640.564,162.000,252902.000,0.000,0.000,0.000
2015-03-01,680.351,2067.000,3038136.000,563.589,38.000,67425.000,0.000,0.000,0.000,0.000,0.000,0.000,748.195,1305.000,1744197.000,592.155,417.000,704207.000,616.409,204.000,330949.000,0.000,0.000,0.000,538.258,103.000,191358.000,0.000,0.000,0.000
2015-04-01,605.599,1707.000,2818699.000,516.788,36.000,69661.000,0.000,0.000,0.000,0.000,0.000,0.000,672.374,1020.000,1517012.000,517.232,403.000,779148.000,538.719,141.000,261732.000,0.000,0.000,0.000,559.782,107.000,191146.000,0.000,0.000,0.000
2015-05-01,494.628,1164.000,2353285.000,342.287,19.000,55509.000,0.000,0.000,0.000,0.000,0.000,0.000,543.175,642.000,1181940.000,450.344,248.000,550690.000,519.036,94.000,181105.000,487.411,32.000,65653.000,405.166,129.000,318388.000,0.000,0.000,0.000
2015-06-01,473.243,838.000,1770759.000,374.392,24.000,64104.000,0.000,0.000,0.000,0.000,0.000,0.000,493.503,539.000,1092193.000,416.142,147.000,353245.000,538.137,106.000,196976.000,0.000,0.000,0.000,342.460,22.000,64241.000,0.000,0.000,0.000
2015-07-01,460.733,1042.000,2261615.000,0.000,0.000,0.000,0.000,0.000,0.000,0.000,0.000,0.000,471.614,633.000,1342200.000,427.796,257.000,600753.000,511.055,98.000,191760.000,0.000,0.000,0.000,425.525,54.000,126902.000,0.000,0.000,0.000
2015-08-01,480.457,1017.000,2116735.000,563.547,40.000,70979.000,0.000,0.000,0.000,0.000,0.000,0.000,506.415,537.000,1060395.000,431.104,314.000,728363.000,475.883,28.000,58838.000,469.791,33.000,70244.000,508.146,65.000,127916.000,0.000,0.000,0.000
2015-09-01,499.386,1295.000,2593185.000,474.544,186.000,391955.000,0.000,0.000,0.000,0.000,0.000,0.000,520.347,696.000,1337568.000,476.217,320.000,671962.000,0.000,0.000,0.000,0.000,0.000,0.000,485.133,93.000,191700.000,0.000,0.000,0.000
2015-10-01,504.827,1500.000,2971317.000,461.828,123.000,266333.000,0.000,0.000,0.000,0.000,0.000,0.000,546.173,766.000,1402485.000,467.776,429.000,917105.000,490.682,95.000,193608.000,0.000,0.000,0.000,453.631,87.000,191786.000,0.000,0.000,0.000
2015-11-01,495.007,1335.000,2696934.000,0.000,0.000,0.000,0.000,0.000,0.000,0.000,0.000,0.000,535.221,726.000,1356449.000,459.873,381.000,828489.000,472.975,61.000,128971.000,0.000,0.000,0.000,436.003,167.000,383025.000,0.000,0.000,0.000
2015-12-01,453.173,1609.000,3550519.000,452.944,295.000,651295.000,0.000,0.000,0.000,0.000,0.000,0.000,502.691,685.000,1362665.000,426.250,411.000,964223.000,467.542,58.000,124053.000,0.000,0.000,0.000,356.917,160.000,448283.000,0.000,0.000,0.000
2016-01-01,416.319,1403.000,3370014.000,421.941,186.000,440820.000,0.000,0.000,0.000,427.101,19.000,44486.000,446.561,658.000,1473484.000,378.538,366.000,966879.000,431.309,109.000,252719.000,0.000,0.000,0.000,339.202,65.000,191626.000,0.000,0.000,0.000
2016-02-01,402.599,1208.000,3000502.000,391.731,231.000,589691.000,0.000,0.000,0.000,0.000,0.000,0.000,430.660,615.000,1428042.000,370.178,340.000,918477.000,0.000,0.000,0.000,0.000,0.000,0.000,342.189,22.000,64292.000,0.000,0.000,0.000
2016-03-01,376.042,1288.000,3425146.000,370.732,163.000,439671.000,0.000,0.000,0.000,284.572,21.000,73795.000,405.757,529.000,1303735.000,370.628,411.000,1108928.000,340.770,83.000,243566.000,0.000,0.000,0.000,317.086,81.000,255451.000,0.000,0.000,0.000
2016-04-01,342.361,745.000,2176063.000,340.720,84.000,246537.000,0.000,0.000,0.000,0.000,0.000,0.000,376.213,336.000,893111.000,326.531,255.000,780936.000,0.000,0.000,0.000,0.000,0.000,0.000,273.995,70.000,255479.000,0.000,0.000,0.000
2016-05-01,311.616,690.000,2214267.000,322.686,99.000,306800.000,0.000,0.000,0.000,0.000,0.000,0.000,328.219,367.000,1118155.000,299.595,160.000,534054.000,264.554,17.000,64259.000,0.000,0.000,0.000,246.075,47.000,190999.000,0.000,0.000,0.000
2016-06-01,296.555,735.000,2478457.000,333.373,62.000,185978.000,0.000,0.000,0.000,0.000,0.000,0.000,302.133,447.000,1479480.000,281.454,211.000,749678.000,0.000,0.000,0.000,0.000,0.000,0.000,236.888,15.000,63321.000,0.000,0.000,0.000
2016-07-01,305.977,587.000,1918445.000,286.364,32.000,111746.000,0.000,0.000,0.000,0.000,0.000,0.000,308.562,348.000,1127813.000,292.235,160.000,547505.000,316.446,21.000,66362.000,0.000,0.000,0.000,399.883,26.000,65019.000,0.000,0.000,0.000
2016-08-01,330.911,651.000,1967297.000,355.711,110.000,309240.000,0.000,0.000,0.000,0.000,0.000,0.000,337.601,359.000,1063387.000,307.107,163.000,530759.000,0.000,0.000,0.000,0.000,0.000,0.000,297.288,19.000,63911.000,0.000,0.000,0.000
2016-09-01,352.452,785.000,2227256.000,392.461,96.000,244610.000,0.000,0.000,0.000,0.000,0.000,0.000,347.293,470.000,1353324.000,350.162,176.000,502624.000,368.797,23.000,62365.000,0.000,0.000,0.000,310.882,20.000,64333.000,0.000,0.000,0.000
2016-10-01,379.335,1233.000,3250424.000,390.738,230.000,588630.000,0.000,0.000,0.000,0.000,0.000,0.000,379.354,563.000,1484102.000,372.070,367.000,986373.000,0.000,0.000,0.000,0.000,0.000,0.000,381.562,73.000,191319.000,0.000,0.000,0.000
2016-11-01,388.029,1325.000,3414690.000,403.160,303.000,751563.000,0.000,0.000,0.000,0.000,0.000,0.000,402.932,608.000,1508938.000,365.337,328.000,897802.000,366.390,24.000,65504.000,0.000,0.000,0.000,324.806,62.000,190883.000,0.000,0.000,0.000
2016-12-01,379.225,1521.000,4010811.000,373.297,233.000,624168.000,391.306,11.000,28111.000,0.000,0.000,0.000,398.857,689.000,1727437.000,365.079,405.000,1109350.000,376.861,52.000,137982.000,378.838,49.000,129343.000,322.302,82.000,254420.000,0.000,0.000,0.000
2017-01-01,412.730,1771.000,4290939.000,425.630,378.000,888096.000,484.496,50.000,103200.000,486.631,94.000,193165.000,413.863,813.000,1964420.000,362.316,251.000,692765.000,453.688,88.000,193966.000,0.000,0.000,0.000,379.905,97.000,255327.000,0.000,0.000,0.000
2017-02-01,418.029,1498.000,3583484.000,451.173,269.000,596223.000,0.000,0.000,0.000,0.000,0.000,0.000,429.091,736.000,1715252.000,403.514,337.000,835163.000,366.995,90.000,245235.000,0.000,0.000,0.000,344.448,66.000,191611.000,0.000,0.000,0.000
2017-03-01,407.879,1433.000,3513299.000,402.195,310.000,770770.000,454.312,31.000,68235.000,398.777,75.000,188075.000,434.559,597.000,1373807.000,384.467,302.000,785504.000,376.654,75.000,199122.000,0.000,0.000,0.000,336.500,43.000,127786.000,0.000,0.000,0.000
2017-04-01,407.997,948.000,2323549.000,413.153,201.000,486502.000,310.757,20.000,64359.000,0.000,0.000,0.000,445.672,483.000,1083756.000,356.291,154.000,432231.000,307.437,20.000,65054.000,0.000,0.000,0.000,365.255,70.000,191647.000,0.000,0.000,0.000
2017-05-01,432.515,1074.000,2483151.000,442.925,225.000,507987.000,385.406,24.000,62272.000,0.000,0.000,0.000,477.992,455.000,951899.000,388.773,247.000,635333.000,369.448,73.000,197592.000,0.000,0.000,0.000,390.418,50.000,128068.000,0.000,0.000,0.000
2017-06-01,407.502,1408.000,3455201.000,364.999,232.000,635618.000,377.357,75.000,198751.000,0.000,0.000,0.000,455.468,692.000,1519317.000,376.730,391.000,1037879.000,282.859,18.000,63636.000,0.000,0.000,0.000,0.000,0.000,0.000,0.000,0.000,0.000
2017-07-01,408.060,1104.000,2705486.000,397.967,152.000,381941.000,430.123,60.000,139495.000,0.000,0.000,0.000,456.109,523.000,1146656.000,353.739,322.000,910275.000,303.500,19.000,62603.000,0.000,0.000,0.000,434.001,28.000,64516.000,0.000,0.000,0.000
2017-08-01,425.589,1105.000,2596403.000,371.191,138.000,371776.000,419.738,112.000,266833.000,0.000,0.000,0.000,486.608,609.000,1251522.000,349.661,199.000,569122.000,0.000,0.000,0.000,386.015,28.000,72536.000,294.054,19.000,64614.000,0.000,0.000,0.000
2017-09-01,420.995,992.000,2356321.000,402.034,267.000,664123.000,426.532,53.000,124258.000,0.000,0.000,0.000,458.348,399.000,870518.000,393.063,174.000,442677.000,0.000,0.000,0.000,0.000,0.000,0.000,388.624,99.000,254745.000,0.000,0.000,0.000
2017-10-01,421.914,1161.000,2751747.000,424.719,172.000,404974.000,410.189,108.000,263293.000,324.069,21.000,64801.000,448.262,494.000,1102035.000,408.144,270.000,661532.000,0.000,0.000,0.000,0.000,0.000,0.000,376.305,96.000,255112.000,0.000,0.000,0.000
2017-11-01,400.625,1329.000,3317313.000,401.876,175.000,435458.000,412.753,140.000,339186.000,0.000,0.000,0.000,431.409,543.000,1258666.000,369.289,351.000,950475.000,351.144,49.000,139544.000,0.000,0.000,0.000,366.010,71.000,193984.000,0.000,0.000,0.000
2017-12-01,429.787,1788.000,4160200.000,450.361,415.000,921482.000,404.257,133.000,328999.000,509.207,31.000,60879.000,437.519,677.000,1547360.000,407.686,346.000,848693.000,442.803,114.000,257451.000,0.000,0.000,0.000,368.596,72.000,195336.000,0.000,0.000,0.000
2018-01-01,453.419,1871.000,4126423.000,478.636,212.000,442925.000,455.307,239.000,524920.000,599.880,36.000,60012.000,465.662,953.000,2046548.000,414.002,302.000,729465.000,393.649,51.000,129557.000,0.000,0.000,0.000,404.153,78.000,192996.000,0.000,0.000,0.000
2018-02-01,517.056,2352.000,4548834.000,570.879,540.000,945909.000,523.131,210.000,401429.000,534.041,35.000,65538.000,500.886,951.000,1898636.000,453.460,276.000,608654.000,511.339,66.000,129073.000,588.446,146.000,248111.000,508.979,128.000,251484.000,0.000,0.000,0.000
2018-03-01,488.492,2094.000,4286661.000,483.546,349.000,721752.000,490.345,261.000,532278.000,505.713,69.000,136441.000,501.685,799.000,1592632.000,441.425,350.000,792887.000,538.085,34.000,63187.000,543.186,174.000,320332.000,456.147,58.000,127152.000,0.000,0.000,0.000
2018-04-01,484.533,1554.000,3207210.000,494.865,221.000,446586.000,410.129,85.000,207252.000,502.491,116.000,230850.000,516.863,688.000,1331106.000,434.874,290.000,666860.000,496.607,33.000,66451.000,0.000,0.000,0.000,468.801,121.000,258105.000,0.000,0.000,0.000
2018-05-01,509.789,1414.000,2773699.000,504.468,217.000,430156.000,426.053,144.000,337986.000,541.992,108.000,199265.000,569.149,636.000,1117458.000,420.797,209.000,496676.000,0.000,0.000,0.000,0.000,0.000,0.000,520.405,100.000,192158.000,0.000,0.000,0.000
2018-06-01,509.717,1907.000,3741294.000,511.613,356.000,695838.000,413.736,111.000,268287.000,460.603,61.000,132435.000,572.101,861.000,1504980.000,450.386,361.000,801534.000,451.794,35.000,77469.000,0.000,0.000,0.000,467.879,122.000,260751.000,0.000,0.000,0.000
2018-07-01,519.113,1422.000,2739290.000,517.156,235.000,454408.000,442.980,177.000,399567.000,533.795,37.000,69315.000,566.320,741.000,1308448.000,457.096,232.000,507552.000,0.000,0.000,0.000,0.000,0.000,0.000,0.000,0.000,0.000,0.000,0.000,0.000
2018-08-01,532.316,1541.000,2894899.000,537.965,274.000,509327.000,466.664,155.000,332145.000,546.042,69.000,126364.000,590.673,764.000,1293439.000,426.483,239.000,560398.000,546.254,40.000,73226.000,0.000,0.000,0.000,0.000,0.000,0.000,0.000,0.000,0.000
2018-09-01,561.909,1865.000,3319040.000,581.797,488.000,838780.000,498.182,97.000,194708.000,590.446,33.000,55890.000,595.753,869.000,1458657.000,473.922,301.000,635126.000,566.681,77.000,135879.000,0.000,0.000,0.000,0.000,0.000,0.000,0.000,0.000,0.000
2018-10-01,579.361,2187.000,3774850.000,568.176,332.000,584326.000,529.695,318.000,600346.000,604.921,37.000,61165.000,639.634,964.000,1507113.000,500.272,343.000,685627.000,586.801,84.000,143149.000,0.000,0.000,0.000,564.404,109.000,193124.000,0.000,0.000,0.000
2018-11-01,584.478,2279.000,3899208.000,570.426,477.000,836217.000,537.054,277.000,515777.000,0.000,0.000,0.000,643.481,933.000,1449926.000,527.447,374.000,709076.000,566.823,73.000,128788.000,0.000,0.000,0.000,558.931,145.000,259424.000,0.000,0.000,0.000
2018-12-01,573.992,2700.000,4703902.000,563.406,629.000,1116424.000,512.809,176.000,343208.000,511.057,26.000,50875.000,626.452,1264.000,2017712.000,511.527,410.000,801521.000,463.400,54.000,116530.000,527.595,33.000,62548.000,553.608,108.000,195084.000,0.000,0.000,0.000
2019-01-01,587.016,2240.000,3815908.000,561.366,436.000,776677.000,531.286,379.000,713363.000,620.938,45.000,72471.000,648.616,990.000,1526328.000,530.620,319.000,601184.000,0.000,0.000,0.000,0.000,0.000,0.000,564.007,71.000,125885.000,0.000,0.000,0.000
2019-02-01,614.348,2323.000,3781245.000,591.795,288.000,486655.000,566.707,148.000,261158.000,644.273,44.000,68294.000,658.454,1385.000,2103411.000,486.967,259.000,531864.000,644.529,46.000,71370.000,0.000,0.000,0.000,591.892,153.000,258493.000,0.000,0.000,0.000
2019-03-01,563.350,1560.000,2769151.000,558.623,148.000,264937.000,481.878,191.000,396366.000,571.367,74.000,129514.000,663.896,745.000,1122164.000,462.150,275.000,595045.000,365.038,25.000,68486.000,0.000,0.000,0.000,529.488,102.000,192639.000,0.000,0.000,0.000
2019-04-01,481.869,1612.000,3345309.000,485.332,235.000,484205.000,374.821,129.000,344164.000,414.803,56.000,135004.000,570.503,766.000,1342674.000,383.087,299.000,780502.000,498.680,34.000,68180.000,0.000,0.000,0.000,487.984,93.000,190580.000,0.000,0.000,0.000
2019-05-01,481.523,1427.000,2963513.000,443.801,253.000,570075.000,352.790,86.000,243771.000,467.174,70.000,149837.000,578.354,685.000,1184396.000,391.038,216.000,552376.000,0.000,0.000,0.000,0.000,0.000,0.000,444.769,117.000,263058.000,0.000,0.000,0.000
2019-06-01,470.947,1517.000,3221170.000,476.637,402.000,843409.000,401.689,113.000,281312.000,0.000,0.000,0.000,567.515,672.000,1184109.000,364.598,267.000,732314.000,250.065,29.000,115970.000,0.000,0.000,0.000,530.786,34.000,64056.000,0.000,0.000,0.000
2019-07-01,488.295,1474.000,3018665.000,492.709,262.000,531754.000,345.669,135.000,390547.000,481.583,64.000,132895.000,577.345,789.000,1366601.000,355.000,189.000,532395.000,0.000,0.000,0.000,0.000,0.000,0.000,542.863,35.000,64473.000,0.000,0.000,0.000
2019-08-01,479.480,1721.000,3589305.000,442.332,443.000,1001511.000,364.522,244.000,669370.000,585.666,35.000,59761.000,620.787,780.000,1256469.000,378.392,157.000,414914.000,222.981,13.000,58301.000,0.000,0.000,0.000,379.907,49.000,128979.000,0.000,0.000,0.000
2019-09-01,509.487,1265.000,2482892.000,460.980,197.000,427350.000,362.118,85.000,234730.000,573.457,42.000,73240.000,596.896,529.000,886251.000,449.144,273.000,607823.000,571.447,35.000,61248.000,0.000,0.000,0.000,540.962,104.000,192250.000,0.000,0.000,0.000
2019-10-01,479.037,1530.000,3193906.000,446.141,341.000,764333.000,391.591,107.000,273244.000,475.937,68.000,142876.000,653.501,497.000,760519.000,394.303,366.000,928220.000,0.000,0.000,0.000,0.000,0.000,0.000,465.025,151.000,324714.000,0.000,0.000,0.000
2019-11-01,454.736,1724.000,3791208.000,479.359,282.000,588286.000,391.308,316.000,807548.000,513.501,72.000,140214.000,551.053,633.000,1148709.000,383.519,282.000,735296.000,326.044,59.000,180957.000,0.000,0.000,0.000,420.614,80.000,190198.000,0.000,0.000,0.000
2019-12-01,455.817,2177.000,4776040.000,414.943,552.000,1330302.000,406.443,248.000,610172.000,518.600,37.000,71346.000,539.942,841.000,1557576.000,413.720,319.000,771053.000,386.226,71.000,183830.000,0.000,0.000,0.000,432.950,109.000,251761.000,0.000,0.000,0.000
2020-01-01,470.672,1951.000,4145134.000,467.890,364.000,777960.000,398.738,258.000,647041.000,502.279,108.000,215020.000,549.461,761.000,1384993.000,381.997,306.000,801053.000,457.787,59.000,128881.000,0.000,0.000,0.000,499.511,95.000,190186.000,0.000,0.000,0.000
2020-02-01,446.695,2109.000,4721341.000,424.949,354.000,833042.000,374.774,315.000,840507.000,515.919,148.000,286867.000,532.126,775.000,1456422.000,378.965,372.000,981621.000,0.000,0.000,0.000,0.000,0.000,0.000,449.080,145.000,322882.000,0.000,0.000,0.000
2020-03-01,462.558,1639.000,3543340.000,468.048,393.000,839658.000,343.950,73.000,212240.000,496.431,108.000,217553.000,562.673,654.000,1162310.000,366.493,292.000,796740.000,237.331,15.000,63203.000,0.000,0.000,0.000,413.295,104.000,251636.000,0.000,0.000,0.000
2020-04-01,478.942,1481.000,3092233.000,448.878,245.000,545805.000,400.916,235.000,586157.000,551.627,39.000,70700.000,576.842,603.000,1045346.000,428.163,254.000,593232.000,351.286,44.000,125254.000,0.000,0.000,0.000,513.248,61.000,118851.000,0.000,0.000,6888.000
2020-05-01,468.614,1388.000,2961926.000,389.616,279.000,716089.000,367.316,145.000,394755.000,0.000,0.000,0.000,605.782,563.000,929377.000,419.332,198.000,472179.000,467.551,66.000,141161.000,0.000,0.000,0.000,444.279,137.000,308365.000,0.000,0.000,0.000
2020-06-01,444.115,1146.000,2580410.000,499.077,278.000,557028.000,327.219,132.000,403399.000,355.595,48.000,134985.000,582.787,444.000,761857.000,333.580,200.000,599557.000,356.033,44.000,123584.000,0.000,0.000,0.000,0.000,0.000,0.000,0.000,0.000,0.000
2020-07-01,383.575,905.000,2359384.000,328.025,160.000,487767.000,328.706,170.000,517180.000,349.680,25.000,71494.000,505.779,333.000,658390.000,314.086,135.000,429819.000,0.000,0.000,0.000,470.974,31.000,65821.000,395.616,51.000,128913.000,0.000,0.000,0.000
2020-08-01,317.420,621.000,1956398.000,298.087,98.000,328763.000,333.616,66.000,197832.000,0.000,0.000,0.000,380.733,337.000,885135.000,233.745,111.000,474877.000,0.000,0.000,0.000,0.000,0.000,0.000,128.956,9.000,69791.000,0.000,0.000,0.000
2020-09-01,262.733,771.000,2934537.000,274.643,252.000,917555.000,308.897,77.000,249274.000,211.700,43.000,203118.000,279.936,229.000,818044.000,208.336,128.000,614392.000,0.000,0.000,0.000,472.346,32.000,67747.000,155.263,10.000,64407.000,0.000,0.000,0.000
2020-10-01,275.695,1061.000,3848453.000,269.378,207.000,768436.000,363.199,187.000,514869.000,379.379,81.000,213507.000,257.562,345.000,1339485.000,235.038,165.000,702014.000,237.812,30.000,126150.000,0.000,0.000,0.000,250.011,46.000,183992.000,0.000,0.000,0.000
2020-11-01,312.385,1119.000,3582119.000,317.620,280.000,881557.000,313.480,110.000,350900.000,386.802,23.000,59462.000,319.071,440.000,1379005.000,271.034,160.000,590332.000,382.362,50.000,130766.000,0.000,0.000,0.000,294.586,56.000,190097.000,0.000,0.000,0.000
2020-12-01,358.942,1528.000,4256953.000,379.002,232.000,612134.000,385.767,327.000,847661.000,395.141,77.000,194867.000,359.338,482.000,1341355.000,316.591,298.000,941279.000,370.108,48.000,129692.000,0.000,0.000,0.000,336.904,64.000,189965.000,0.000,0.000,0.000
2021-01-01,413.678,1830.000,4423732.000,438.122,246.000,561487.000,469.231,284.000,605246.000,395.718,111.000,280503.000,443.736,733.000,1651884.000,321.058,228.000,710151.000,410.679,100.000,243499.000,374.505,42.000,112148.000,332.285,86.000,258814.000,0.000,0.000,0.000
2021-02-01,531.885,2744.000,5159012.000,608.785,539.000,885370.000,646.030,812.000,1256908.000,387.290,21.000,54223.000,483.936,1008.000,2082920.000,389.006,192.000,493566.000,551.838,103.000,186649.000,0.000,0.000,0.000,346.080,69.000,199376.000,0.000,0.000,0.000
2021-03-01,438.489,1839.000,4193949.000,493.931,570.000,1154008.000,456.756,188.000,411598.000,591.231,122.000,206349.000,394.438,572.000,1450163.000,320.833,185.000,576624.000,652.337,139.000,213080.000,0.000,0.000,0.000,345.912,63.000,182127.000,0.000,0.000,0.000
2021-04-01,385.731,1094.000,2836172.000,383.225,216.000,563637.000,410.527,190.000,462820.000,421.230,22.000,52228.000,398.797,410.000,1028092.000,330.538,155.000,468932.000,0.000,0.000,0.000,0.000,0.000,0.000,387.771,101.000,260463.000,0.000,0.000,0.000
2021-05-01,408.117,1384.000,3391186.000,428.885,172.000,401040.000,420.915,198.000,470404.000,454.929,56.000,123096.000,420.309,544.000,1294285.000,361.450,306.000,846591.000,0.000,0.000,0.000,0.000,0.000,0.000,422.254,108.000,255770.000,0.000,0.000,0.000
2021-06-01,460.875,1443.000,3131002.000,450.351,260.000,577328.000,462.239,398.000,861027.000,0.000,0.000,0.000,491.992,479.000,973594.000,398.628,181.000,454057.000,520.005,34.000,65384.000,0.000,0.000,0.000,455.884,91.000,199612.000,0.000,0.000,0.000
2021-07-01,497.837,2001.000,4019384.000,508.197,474.000,932709.000,486.190,473.000,972870.000,507.945,71.000,139779.000,524.987,712.000,1356225.000,417.445,202.000,483896.000,515.291,69.000,133905.000,0.000,0.000,0.000,0.000,0.000,0.000,0.000,0.000,0.000
2021-08-01,534.406,1858.000,3476760.000,541.517,418.000,771905.000,509.339,399.000,783369.000,0.000,0.000,0.000,561.379,735.000,1309277.000,475.402,201.000,422800.000,424.762,23.000,54148.000,0.000,0.000,0.000,606.235,82.000,135261.000,0.000,0.000,0.000
2021-09-01,571.256,2115.000,3702368.000,546.751,480.000,877914.000,663.898,549.000,826934.000,0.000,0.000,0.000,581.221,606.000,1042632.000,407.721,198.000,485626.000,680.440,44.000,64664.000,0.000,0.000,0.000,588.238,238.000,404598.000,0.000,0.000,0.000
2021-10-01,668.987,2607.000,3896938.000,705.998,696.000,985838.000,653.563,440.000,673233.000,0.000,0.000,0.000,683.076,842.000,1232660.000,613.012,328.000,535063.000,581.996,125.000,214778.000,0.000,0.000,0.000,689.207,176.000,255366.000,0.000,0.000,0.000
2021-11-01,805.538,3098.000,3845876.000,1103.346,1097.000,994248.000,750.603,426.000,567544.000,0.000,0.000,0.000,620.640,829.000,1335719.000,466.451,169.000,362310.000,676.361,42.000,62097.000,0.000,0.000,0.000,1021.074,535.000,523958.000,0.000,0.000,0.000
2021-12-01,892.500,3441.000,3855464.000,913.375,862.000,943753.000,783.551,459.000,585795.000,566.811,31.000,54692.000,871.415,1189.000,1364447.000,973.731,633.000,650077.000,0.000,0.000,0.000,1539.859,100.000,64941.000,870.885,167.000,191759.000,0.000,0.000,0.000
2022-01-01,1138.032,5689.000,4998979.000,1324.750,1286.000,970749.000,1132.147,981.000,866495.000,1037.529,134.000,129153.000,917.556,1460.000,1591183.000,1384.823,1176.000,849206.000,1151.089,233.000,202417.000,473.845,33.000,69643.000,1205.749,386.000,320133.000,0.000,0.000,0.000
2022-02-01,843.612,2931.000,3474346.000,1127.133,1061.000,941326.000,551.704,184.000,333512.000,643.642,47.000,73022.000,822.470,984.000,1196396.000,785.179,429.000,546372.000,654.041,45.000,68803.000,0.000,0.000,0.000,574.758,181.000,314915.000,0.000,0.000,0.000
2022-03-01,1016.290,5033.000,4952327.000,1256.864,2050.000,1631044.000,1129.618,576.000,509907.000,950.353,179.000,188351.000,836.139,1051.000,1256968.000,846.117,774.000,914767.000,1315.940,264.000,200617.000,503.178,30.000,59621.000,570.525,109.000,191052.000,0.000,0.000,0.000
2022-04-01,694.941,2392.000,3442017.000,795.461,520.000,653709.000,578.086,188.000,325211.000,623.327,34.000,54546.000,742.578,1060.000,1427460.000,628.187,411.000,654264.000,520.672,37.000,71062.000,521.752,34.000,65165.000,566.632,108.000,190600.000,0.000,0.000,0.000
2022-05-01,723.629,2449.000,3384330.000,824.129,702.000,851808.000,951.152,351.000,369026.000,546.299,32.000,58576.000,719.424,834.000,1159261.000,501.197,254.000,506787.000,665.511,129.000,193836.000,0.000,0.000,0.000,599.912,147.000,245036.000,0.000,0.000,0.000
2022-06-01,762.101,1917.000,2515413.000,956.675,717.000,749471.000,718.307,228.000,317413.000,0.000,0.000,0.000,735.419,702.000,954558.000,546.591,270.000,493971.000,0.000,0.000,0.000,0.000,0.000,0.000,0.000,0.000,0.000,0.000,0.000,0.000
2022-07-01,1032.744,3357.000,3250562.000,1228.580,1106.000,900226.000,832.020,275.000,330521.000,1461.177,279.000,190942.000,941.151,903.000,959463.000,979.661,667.000,680848.000,620.672,77.000,124059.000,0.000,0.000,0.000,775.158,50.000,64503.000,0.000,0.000,0.000
2022-08-01,1198.756,4541.000,3788094.000,1525.602,1388.000,909805.000,1374.568,890.000,647476.000,0.000,0.000,0.000,1010.384,1265.000,1251999.000,845.104,616.000,728904.000,1791.180,333.000,185911.000,0.000,0.000,0.000,765.637,49.000,63999.000,0.000,0.000,0.000
2022-09-01,1470.544,6201.000,4216808.000,1751.843,1791.000,1022352.000,1926.029,1321.000,685867.000,0.000,0.000,0.000,955.738,1105.000,1156174.000,1457.505,1806.000,1239104.000,1570.898,178.000,113311.000,0.000,0.000,0.000,0.000,0.000,0.000,0.000,0.000,0.000
2022-10-01,1247.205,5112.000,4098766.000,1528.946,1919.000,1255113.000,1067.791,558.000,522574.000,0.000,0.000,0.000,1193.559,1518.000,1271826.000,1120.559,962.000,858500.000,0.000,0.000,0.000,0.000,0.000,0.000,812.569,155.000,190753.000,0.000,0.000,0.000
2022-11-01,1258.893,4742.000,3766800.000,1689.472,2142.000,1267852.000,1103.237,361.000,327219.000,1117.357,64.000,57278.000,1046.698,1229.000,1174169.000,939.002,637.000,678380.000,1549.319,209.000,134898.000,0.000,0.000,0.000,787.377,100.000,127004.000,0.000,0.000,0.000
2022-12-01,1255.531,5657.000,4505663.000,1587.539,1739.000,1095406.000,1330.544,697.000,523846.000,0.000,0.000,0.000,1162.004,1696.000,1459548.000,1096.580,1150.000,1048715.000,1439.786,179.000,124324.000,0.000,0.000,0.000,772.189,196.000,253824.000,0.000,0.000,0.000
2023-01-01,1295.689,6206.000,4789728.000,1387.053,1903.000,1371974.000,1511.934,781.000,516557.000,1254.895,191.000,152204.000,1233.903,1782.000,1444198.000,1105.676,1005.000,908946.000,1671.164,449.000,268675.000,0.000,0.000,0.000,747.008,95.000,127174.000,0.000,0.000,0.000
2023-02-01,1103.042,5612.000,5087747.000,1310.118,1614.000,1231950.000,1350.127,718.000,531802.000,746.262,80.000,107201.000,1018.685,1518.000,1490157.000,978.491,1197.000,1223312.000,1050.714,395.000,375935.000,0.000,0.000,0.000,706.492,90.000,127390.000,0.000,0.000,0.000
2023-03-01,918.508,3705.000,4033715.000,965.544,629.000,651446.000,1093.972,597.000,545718.000,685.499,134.000,195478.000,1032.559,1423.000,1378129.000,718.804,600.000,834720.000,836.006,92.000,110047.000,0.000,0.000,0.000,722.868,230.000,318177.000,0.000,0.000,0.000
2023-04-01,698.958,2202.000,3150402.000,739.994,666.000,900007.000,494.489,97.000,196162.000,534.941,30.000,56081.000,809.817,1026.000,1266953.000,481.184,260.000,540334.000,0.000,0.000,0.000,0.000,0.000,0.000,644.435,123.000,190865.000,0.000,0.000,0.000
2023-05-01,679.536,2110.000,3105062.000,670.051,575.000,858144.000,471.969,214.000,453420.000,0.000,0.000,0.000,783.605,723.000,922659.000,686.656,550.000,800983.000,687.128,48.000,69856.000,0.000,0.000,0.000,0.000,0.000,0.000,0.000,0.000,0.000
2023-06-01,687.878,2015.000,2929300.000,865.210,706.000,815987.000,562.701,111.000,197263.000,658.376,45.000,68350.000,730.372,681.000,932401.000,498.620,393.000,788175.000,0.000,0.000,0.000,0.000,0.000,0.000,621.440,79.000,127124.000,0.000,0.000,0.000
2023-07-01,620.059,1621.000,2614267.000,674.235,340.000,504275.000,521.032,169.000,324356.000,638.270,128.000,200542.000,707.423,699.000,988093.000,459.995,246.000,534789.000,0.000,0.000,0.000,0.000,0.000,0.000,626.889,39.000,62212.000,0.000,0.000,0.000
2023-08-01,660.034,2249.000,3407399.000,621.619,636.000,1023135.000,535.666,162.000,302427.000,0.000,0.000,0.000,800.381,1031.000,1288137.000,524.914,383.000,729644.000,577.620,37.000,64056.000,0.000,0.000,0.000,0.000,0.000,0.000,0.000,0.000,0.000
2023-09-01,677.828,1978.000,2918143.000,625.006,274.000,438396.000,533.693,281.000,526520.000,0.000,0.000,0.000,807.039,1107.000,1371681.000,549.520,249.000,453123.000,0.000,0.000,0.000,0.000,0.000,0.000,521.713,67.000,128423.000,0.000,0.000,0.000
2023-10-01,628.476,2133.000,3393924.000,629.453,623.000,989749.000,630.687,244.000,386880.000,0.000,0.000,0.000,717.903,537.000,748012.000,564.658,508.000,899660.000,571.485,139.000,243226.000,0.000,0.000,0.000,648.750,82.000,126397.000,0.000,0.000,0.000
2023-11-01,644.177,2395.000,3717925.000,680.689,547.000,803598.000,619.024,360.000,581561.000,0.000,0.000,0.000,732.348,669.000,913500.000,551.077,524.000,950865.000,739.680,157.000,212254.000,0.000,0.000,0.000,538.753,138.000,256147.000,0.000,0.000,0.000
2023-12-01,769.100,3822.000,4969445.326,819.511,1189.000,1450865.000,705.526,388.000,549944.000,0.000,0.000,0.000,765.638,964.000,1259081.416,743.912,833.000,1119755.392,819.733,225.000,274479.518,870.162,109.000,125264.000,599.823,114.000,190056.000,0.000,0.000,0.000
2024-01-01,712.021,3455.000,4852386.662,729.111,907.000,1243981.000,661.231,440.000,665426.000,0.000,0.000,0.000,735.860,859.000,1167341.000,712.532,792.000,1111529.047,744.547,309.000,415017.615,0.000,0.000,0.000,594.158,148.000,249092.000,0.000,0.000,0.000
2024-02-01,642.133,2698.000,4201620.000,586.809,684.000,1165626.000,515.442,173.000,335634.000,675.809,195.000,288543.000,753.002,1065.000,1414339.000,573.146,386.000,673476.000,537.779,72.000,133884.000,0.000,0.000,0.000,646.967,123.000,190118.000,0.000,0.000,0.000
2024-03-01,610.715,2184.000,3576134.000,584.148,498.000,852523.000,518.544,162.000,312413.000,655.317,144.000,219741.000,781.323,756.000,967589.000,494.223,481.000,973244.000,586.343,35.000,59692.000,0.000,0.000,0.000,565.646,108.000,190932.000,0.000,0.000,0.000
2024-04-01,612.943,2549.000,4158628.000,600.939,731.000,1216430.000,484.211,178.000,367608.000,628.518,46.000,73188.000,751.024,1012.000,1347493.000,465.230,360.000,773810.000,486.038,62.000,127562.000,0.000,0.000,0.000,633.571,160.000,252537.000,0.000,0.000,0.000
2024-05-01,581.913,2086.000,3584727.000,577.540,635.000,1099491.000,451.404,179.000,396541.000,588.928,84.000,142632.000,699.264,664.000,949570.000,502.350,280.000,557380.000,545.872,104.000,190521.000,546.513,32.000,58553.000,568.304,108.000,190039.000,0.000,0.000,0.000
2024-06-01,596.407,1856.000,3111970.000,586.706,524.000,893122.000,455.750,161.000,353264.000,0.000,0.000,0.000,708.891,889.000,1254072.000,465.409,254.000,545757.000,0.000,0.000,0.000,0.000,0.000,0.000,425.823,28.000,65755.000,0.000,0.000,0.000